Clover ID,Name,Alternate Name,Price,Price Type,Price Unit,Tax Rates,Cost,Product Code,SKU,Modifier Groups,Quantity,Labels,Hidden,Non-revenue item
MA7NDPHE5K74Y,Quesadilla,,10.99,Fixed,,Pleasant Hill Tax Rate,0.00,,,Additions,,Food,No,No
,,,,,,,,,,TOGO / OTHER Mods,,,,
,,,,,,,,,,Protein Mods,,,,
,,,,,,,,,,App Mods,,,,
M7J6JDKVN3H66,Chicken Wings,,11.99,Fixed,,Pleasant Hill Tax Rate,0.00,,,Sauce,,Food,No,No
,,,,,,,,,,TOGO / OTHER Mods,,,,
R73XA2350YPTG,Crispy Calamari,,10.99,Fixed,,Pleasant Hill Tax Rate,0.00,,,TOGO / OTHER Mods,,Food,No,No
AS2PDTC705W9T,Chicken Tenderloins,,10.99,Fixed,,Pleasant Hill Tax Rate,0.00,,,Sauce,,Food,No,No
,,,,,,,,,,TOGO / OTHER Mods,,,,
,,,,,,,,,,Sides,,,,
8367NKK28K9MC,Magoo's Famous Nachos,,11.99,Fixed,,Pleasant Hill Tax Rate,0.00,,,Additions,,Food,No,No
,,,,,,,,,,TOGO / OTHER Mods,,,,
,,,,,,,,,,Protein Mods,,,,
,,,,,,,,,,App Mods,,,,
G7MZN223RKTTA,Assorted Appetizer Plate,,17.99,Fixed,,Pleasant Hill Tax Rate,0.00,,,TOGO / OTHER Mods,,Food,No,No
,,,,,,,,,,App Choices,,,,
TN72XNPQD69QR,Potato Skins,,9.99,Fixed,,Pleasant Hill Tax Rate,0.00,,,Additions,,Food,No,No
,,,,,,,,,,TOGO / OTHER Mods,,,,
,,,,,,,,,,Protein Mods,,,,
,,,,,,,,,,App Mods,,,,
3AFFFDX6TGAYP,French Fries,,5.45,Fixed,,Pleasant Hill Tax Rate,0.00,,,TOGO / OTHER Mods,,Food,No,No
CCVZS29ZYPED0,Buffalo Chicken Salad,,11.99,Fixed,,Pleasant Hill Tax Rate,0.00,,,Dressing,,Food,No,No
,,,,,,,,,,Additions,,,,
,,,,,,,,,,Salad Mods,,,,
,,,,,,,,,,TOGO / OTHER Mods,,,,
,,,,,,,,,,Protein Mods,,,,
,,,,,,,,,,Substitutions ,,,,
RWJJ7MTGW9QAG,Blackened Salmon Caesar Salad,,15.99,Fixed,,Pleasant Hill Tax Rate,0.00,,,Dressing,,Food,No,No
,,,,,,,,,,Additions,,,,
,,,,,,,,,,Salad Mods,,,,
,,,,,,,,,,TOGO / OTHER Mods,,,,
,,,,,,,,,,Protein Mods,,,,
WYB6NMYTHEEN8,Grilled Tri-Tip Salad,,12.99,Fixed,,DEFAULT,0.00,,,Dressing,,Food,No,No
,,,,,,,,,,Additions,,,,
,,,,,,,,,,Temperature,,,,
,,,,,,,,,,Salad Mods,,,,
,,,,,,,,,,TOGO / OTHER Mods,,,,
,,,,,,,,,,Protein Mods,,,,
,,,,,,,,,,Substitutions ,,,,
HG0VQGXPMBZZ6,Caesar Salad,,9.99,Fixed,,Pleasant Hill Tax Rate,0.00,,,Additions,,Food,No,No
,,,,,,,,,,Salad Mods,,,,
,,,,,,,,,,TOGO / OTHER Mods,,,,
,,,,,,,,,,Protein Mods,,,,
SR0CZMY4K9CWJ,Magoo's Salad,,10.99,Fixed,,Pleasant Hill Tax Rate,0.00,,,Dressing,,Food,No,No
,,,,,,,,,,Additions,,,,
,,,,,,,,,,Salad Mods,,,,
,,,,,,,,,,TOGO / OTHER Mods,,,,
,,,,,,,,,,Protein Mods,,,,
G6PS0D0AQS0GE,Monterey Chicken Sandwich,,10.99,Fixed,,Pleasant Hill Tax Rate,0.00,,,Sandwich/Burger Mods,,Food,No,No
,,,,,,,,,,Additions,,,,
,,,,,,,,,,Sides Mods,,,,
,,,,,,,,,,TOGO / OTHER Mods,,,,
,,,,,,,,,,Cheese,,,,
,,,,,,,,,,Sides,,,,
,,,,,,,,,,Bread,,,,
YA2Z1FHNQYKXA,Traditional Club,,11.99,Fixed,,Pleasant Hill Tax Rate,0.00,,,Sandwich/Burger Mods,,Food,No,No
,,,,,,,,,,Additions,,,,
,,,,,,,,,,TOGO / OTHER Mods,,,,
,,,,,,,,,,Cheese,,,,
,,,,,,,,,,Sides,,,,
,,,,,,,,,,Bread,,,,
9CHEZ8KJ0EX9J,Philly Cheese Steak,,11.99,Fixed,,Pleasant Hill Tax Rate,0.00,,,Sandwich/Burger Mods,,Food,No,No
,,,,,,,,,,Additions,,,,
,,,,,,,,,,Sides Mods,,,,
,,,,,,,,,,TOGO / OTHER Mods,,,,
,,,,,,,,,,Cheese,,,,
,,,,,,,,,,Sides,,,,
,,,,,,,,,,Bread,,,,
V19PHGFEGJ5T4,Turkey Bacon Melt,,10.99,Fixed,,Pleasant Hill Tax Rate,0.00,,,Sandwich/Burger Mods,,Food,No,No
,,,,,,,,,,Additions,,,,
,,,,,,,,,,Sides Mods,,,,
,,,,,,,,,,TOGO / OTHER Mods,,,,
,,,,,,,,,,Cheese,,,,
,,,,,,,,,,Sides,,,,
,,,,,,,,,,Bread,,,,
MPQWZAE376E5J,Tri-Tip Sandwich,,14.99,Fixed,,Pleasant Hill Tax Rate,0.00,,,Sandwich/Burger Mods,,Food,No,No
,,,,,,,,,,Additions,,,,
,,,,,,,,,,Temperature,,,,
,,,,,,,,,,Sides Mods,,,,
,,,,,,,,,,TOGO / OTHER Mods,,,,
,,,,,,,,,,Cheese,,,,
,,,,,,,,,,Sides,,,,
,,,,,,,,,,Bread,,,,
M16F26QYJA4RT,Grilled Ham & Cheese,,10.99,Fixed,,Pleasant Hill Tax Rate,0.00,,,Additions,,Food,No,No
,,,,,,,,,,Sides Mods,,,,
,,,,,,,,,,TOGO / OTHER Mods,,,,
,,,,,,,,,,Cheese,,,,
,,,,,,,,,,Sides,,,,
,,,,,,,,,,Bread,,,,
E2PBA7R75SYBM,BLT,,10.99,Fixed,,Pleasant Hill Tax Rate,0.00,,,Sandwich/Burger Mods,,Food,No,No
,,,,,,,,,,Additions,,,,
,,,,,,,,,,Sides Mods,,,,
,,,,,,,,,,TOGO / OTHER Mods,,,,
,,,,,,,,,,Sides,,,,
,,,,,,,,,,Bread,,,,
5PQCTZX97KTDT,Magoo's Burger,,9.99,Fixed,,Pleasant Hill Tax Rate,0.00,,,Sandwich/Burger Mods,,Food,No,No
,,,,,,,,,,Additions,,,,
,,,,,,,,,,Temperature,,,,
,,,,,,,,,,Sides Mods,,,,
,,,,,,,,,,TOGO / OTHER Mods,,,,
,,,,,,,,,,Sides,,,,
,,,,,,,,,,Add Cheese Mod,,,,
2MJNP48XDJJHG,Bacon Cheeseburger,,10.99,Fixed,,Pleasant Hill Tax Rate,0.00,,,Sandwich/Burger Mods,,Food,No,No
,,,,,,,,,,Additions,,,,
,,,,,,,,,,Temperature,,,,
,,,,,,,,,,Sides Mods,,,,
,,,,,,,,,,TOGO / OTHER Mods,,,,
,,,,,,,,,,Cheese,,,,
,,,,,,,,,,Sides,,,,
KC53NB6RN1NWC,Swiss Mushroom Burger,,11.99,Fixed,,Pleasant Hill Tax Rate,0.00,,,Sandwich/Burger Mods,,Food,No,No
,,,,,,,,,,Additions,,,,
,,,,,,,,,,Temperature,,,,
,,,,,,,,,,Sides Mods,,,,
,,,,,,,,,,TOGO / OTHER Mods,,,,
,,,,,,,,,,Cheese,,,,
,,,,,,,,,,Sides,,,,
Y12CX5E7JQ866,Patty Melt,,11.99,Fixed,,Pleasant Hill Tax Rate,0.00,,,Sandwich/Burger Mods,,Food,No,No
,,,,,,,,,,Additions,,,,
,,,,,,,,,,Temperature,,,,
,,,,,,,,,,Sides Mods,,,,
,,,,,,,,,,TOGO / OTHER Mods,,,,
,,,,,,,,,,Cheese,,,,
,,,,,,,,,,Sides,,,,
5KTJRY7NR52M2,Regular Cut,,12.99,Fixed,,Pleasant Hill Tax Rate,0.00,,,TOGO / OTHER Mods,,Food,No,No
,,,,,,,,,,Prime Rib Mods,,,,
YD4F6K668S5KW,Cowboy Cut,,16.99,Fixed,,Pleasant Hill Tax Rate,0.00,,,TOGO / OTHER Mods,,Food,No,No
,,,,,,,,,,Prime Rib Mods,,,,
JK7Q8QHX3SF0C,Fish & Chips,,11.99,Fixed,,Pleasant Hill Tax Rate,0.00,,,Additions,,Food,No,No
,,,,,,,,,,TOGO / OTHER Mods,,,,
,,,,,,,,,,Entree Mods,,,,
,,,,,,,,,,Sides,,,,
3WZDVD6BBA9DT,Fish Tacos,,11.99,Fixed,,Pleasant Hill Tax Rate,0.00,,,Additions,,Food,No,No
,,,,,,,,,,Taco Mods,,,,
,,,,,,,,,,TOGO / OTHER Mods,,,,
,,,,,,,,,,Entree Mods,,,,
KKHA4CFQQ3ZGP,Magoo's Famous Tri-Tip Dinner,,17.99,Fixed,,Pleasant Hill Tax Rate,0.00,,,Streak Night Mods,,Food,No,No
,,,,,,,,,,Additions,,,,
,,,,,,,,,,Temperature,,,,
,,,,,,,,,,TOGO / OTHER Mods,,,,
,,,,,,,,,,Entree Mods,,,,
WMPZ6P6NRE26R,Salmon Dinner,,17.99,Fixed,,Pleasant Hill Tax Rate,0.00,,,Additions,,Food,No,No
,,,,,,,,,,TOGO / OTHER Mods,,,,
,,,,,,,,,,Entree Mods,,,,
XZXF5GJD3YGET,Honey Cilantro Chicken,,11.99,Fixed,,DEFAULT,0.00,,,Additions,,Food,No,No
,,,,,,,,,,TOGO / OTHER Mods,,,,
,,,,,,,,,,Entree Mods,,,,
XYWK5XG6QAG6A,Cheese Fries,,7.49,Fixed,,Pleasant Hill Tax Rate,0.00,,,Additions,,Food,No,No
,,,,,,,,,,TOGO / OTHER Mods,,,,
EN4PJKEK96HTC,Garlic Fries,,6.25,Fixed,,Pleasant Hill Tax Rate,0.00,,,TOGO / OTHER Mods,,Food,No,No
KB06ZN2FDK2G6,Garlic Cheese Fries,,7.25,Fixed,,Pleasant Hill Tax Rate,0.00,,,Additions,,Food,No,No
,,,,,,,,,,TOGO / OTHER Mods,,,,
5SRZ8Y5Z4RZN0,Lemon Pepper Fries,,7.25,Fixed,,Pleasant Hill Tax Rate,0.00,,,TOGO / OTHER Mods,,Food,No,No
29MJTGP1A72DE,Cajun Fries,,6.25,Fixed,,Pleasant Hill Tax Rate,0.00,,,TOGO / OTHER Mods,,Food,No,No
5STGZBYGQPGR0,Jalapeño Bites,,6.99,Fixed,,Pleasant Hill Tax Rate,0.00,,,TOGO / OTHER Mods,,Food,No,No
S90ZDNB9Z4MTM,Mozzarella Sticks,,8.99,Fixed,,Pleasant Hill Tax Rate,0.00,,,TOGO / OTHER Mods,,Food,No,No
1Z323YD2DS4MP,Fried Green Beans,,8.99,Fixed,,Pleasant Hill Tax Rate,0.00,,,TOGO / OTHER Mods,,Food,No,No
YFV37Q07R4Z42,Mac & Cheese Bites,,7.99,Fixed,,Pleasant Hill Tax Rate,0.00,,,TOGO / OTHER Mods,,Food,No,No
1XCBVQD0MJ8TC,Onion Rings,,6.99,Fixed,,Pleasant Hill Tax Rate,0.00,,,TOGO / OTHER Mods,,Food,No,No
NP69V535HTK66,Nacho Fries,,11.99,Fixed,,Pleasant Hill Tax Rate,0.00,,,Additions,,Food,No,No
,,,,,,,,,,TOGO / OTHER Mods,,,,
,,,,,,,,,,Protein Mods,,,,
,,,,,,,,,,App Mods,,,,
E6QRZ4A6JTAD4,Loaded Tater Tots,,7.99,Fixed,,Pleasant Hill Tax Rate,0.00,,,Additions,,Food,No,No
,,,,,,,,,,TOGO / OTHER Mods,,,,
,,,,,,,,,,Protein Mods,,,,
,,,,,,,,,,App Mods,,,,
9A55YS14V6KVM,Chili - Bowl,,6.99,Fixed,,Pleasant Hill Tax Rate,0.00,,,TOGO / OTHER Mods,,Food,No,No
3CYMF8VWCX174,Chili - Cup,,3.99,Fixed,,Pleasant Hill Tax Rate,0.00,,,TOGO / OTHER Mods,,Food,No,No
HHWZXGCGQ1484,Clam Chowder - Bowl,,7.25,Fixed,,Pleasant Hill Tax Rate,0.00,,,TOGO / OTHER Mods,,Food,No,No
M0XHB59D80M6J,Clam Chowder - Cup,,3.99,Fixed,,Pleasant Hill Tax Rate,0.00,,,TOGO / OTHER Mods,,Food,No,No
4Y25Z0R1E37MW,Cup of Soup,,3.99,Fixed,,Pleasant Hill Tax Rate,0.00,,,TOGO / OTHER Mods,,Food,No,No
2AK53FA4M9VQ0,Bowl of Soup,,6.99,Fixed,,Pleasant Hill Tax Rate,0.00,,,,,Food,No,No
P3F7N0BHFGA6T,Wedge Salad,,10.99,Fixed,,Pleasant Hill Tax Rate,0.00,,,Dressing,,Food,No,No
,,,,,,,,,,Additions,,,,
,,,,,,,,,,Salad Mods,,,,
,,,,,,,,,,TOGO / OTHER Mods,,,,
,,,,,,,,,,Protein Mods,,,,
11RCKD0N7JXXG,Chicken Cobb Salad,,12.99,Fixed,,Pleasant Hill Tax Rate,0.00,,,Dressing,,Food,No,No
,,,,,,,,,,Additions,,,,
,,,,,,,,,,Salad Mods,,,,
,,,,,,,,,,TOGO / OTHER Mods,,,,
,,,,,,,,,,Protein Mods,,,,
,,,,,,,,,,Substitutions ,,,,
H8WMM3KE2MJ8C,BBQ Chicken Salad,,12.99,Fixed,,Pleasant Hill Tax Rate,0.00,,,Dressing,,Food,No,No
,,,,,,,,,,Additions,,,,
,,,,,,,,,,Salad Mods,,,,
,,,,,,,,,,TOGO / OTHER Mods,,,,
,,,,,,,,,,Protein Mods,,,,
,,,,,,,,,,Substitutions ,,,,
QTDRVN3Z4M21T,Mediterranean Chicken Salad,,11.99,Fixed,,Pleasant Hill Tax Rate,0.00,,,Dressing,,Food,No,No
,,,,,,,,,,Additions,,,,
,,,,,,,,,,Salad Mods,,,,
,,,,,,,,,,TOGO / OTHER Mods,,,,
,,,,,,,,,,Protein Mods,,,,
,,,,,,,,,,Substitutions ,,,,
879Z03SBPQ7C4,Southwestern Chicken Salad,,13.99,Fixed,,Pleasant Hill Tax Rate,0.00,,,Dressing,,Food,No,No
,,,,,,,,,,Additions,,,,
,,,,,,,,,,Salad Mods,,,,
,,,,,,,,,,TOGO / OTHER Mods,,,,
,,,,,,,,,,Protein Mods,,,,
,,,,,,,,,,Substitutions ,,,,
2DYNB1MSMXM4E,Kale Caesar Salad,,9.99,Fixed,,Pleasant Hill Tax Rate,0.00,,,Additions,,Food,No,No
,,,,,,,,,,Salad Mods,,,,
,,,,,,,,,,TOGO / OTHER Mods,,,,
,,,,,,,,,,Protein Mods,,,,
E4G9CNJ7KFV1C,Crispy Chicken Sandwich,,10.99,Fixed,,Pleasant Hill Tax Rate,0.00,,,Sandwich/Burger Mods,,Food,No,No
,,,,,,,,,,Additions,,,,
,,,,,,,,,,Sides Mods,,,,
,,,,,,,,,,TOGO / OTHER Mods,,,,
,,,,,,,,,,Sides,,,,
,,,,,,,,,,Bread,,,,
WYZ7ZB6QTHW5E,Ruben Sandwich,,11.99,Fixed,,Pleasant Hill Tax Rate,0.00,,,Sandwich/Burger Mods,,Food,No,No
,,,,,,,,,,Additions,,,,
,,,,,,,,,,Sides Mods,,,,
,,,,,,,,,,TOGO / OTHER Mods,,,,
,,,,,,,,,,Cheese,,,,
,,,,,,,,,,Sides,,,,
,,,,,,,,,,Bread,,,,
5G57SD59RT084,Meatloaf Sandwich,,10.99,Fixed,,Pleasant Hill Tax Rate,0.00,,,Sandwich/Burger Mods,,Food,No,No
,,,,,,,,,,Additions,,,,
,,,,,,,,,,Sides Mods,,,,
,,,,,,,,,,TOGO / OTHER Mods,,,,
,,,,,,,,,,Sides,,,,
,,,,,,,,,,Bread,,,,
SW60AXYH2C8KT,Salmon BLT,,15.99,Fixed,,Pleasant Hill Tax Rate,0.00,,,Sandwich/Burger Mods,,Food,No,No
,,,,,,,,,,Additions,,,,
,,,,,,,,,,Sides Mods,,,,
,,,,,,,,,,TOGO / OTHER Mods,,,,
,,,,,,,,,,Sides,,,,
,,,,,,,,,,Bread,,,,
32WVCDYX9PVW8,Tuna Melt,,11.99,Fixed,,Pleasant Hill Tax Rate,0.00,,,Sandwich/Burger Mods,,Food,No,No
,,,,,,,,,,Additions,,,,
,,,,,,,,,,Sides Mods,,,,
,,,,,,,,,,TOGO / OTHER Mods,,,,
,,,,,,,,,,Cheese,,,,
,,,,,,,,,,Sides,,,,
,,,,,,,,,,Bread,,,,
SH82B63NW5EBJ,Buffalo Chicken Sandwich,,11.99,Fixed,,Pleasant Hill Tax Rate,0.00,,,Sandwich/Burger Mods,,Food,No,No
,,,,,,,,,,Additions,,,,
,,,,,,,,,,Sides Mods,,,,
,,,,,,,,,,TOGO / OTHER Mods,,,,
,,,,,,,,,,Sides,,,,
,,,,,,,,,,Bread,,,,
DC8JM1SHJ0XJ2,Steak Sandwich,,12.99,Fixed,,Pleasant Hill Tax Rate,0.00,,,Sandwich/Burger Mods,,Food,No,No
,,,,,,,,,,Additions,,,,
,,,,,,,,,,Temperature,,,,
,,,,,,,,,,Sides Mods,,,,
,,,,,,,,,,TOGO / OTHER Mods,,,,
,,,,,,,,,,Cheese,,,,
,,,,,,,,,,Sides,,,,
,,,,,,,,,,Bread,,,,
548YHMMCWQZQ4,House Special CBB Burger,,12.99,Fixed,,Pleasant Hill Tax Rate,0.00,,,Sandwich/Burger Mods,,Food,No,No
,,,,,,,,,,Additions,,,,
,,,,,,,,,,Temperature,,,,
,,,,,,,,,,Sides Mods,,,,
,,,,,,,,,,TOGO / OTHER Mods,,,,
,,,,,,,,,,Cheese,,,,
,,,,,,,,,,Eggs,,,,
,,,,,,,,,,Sides,,,,
QKVDMHYAY94T6,Roasted Poblano Burger,,12.99,Fixed,,Pleasant Hill Tax Rate,0.00,,,Sandwich/Burger Mods,,Food,No,No
,,,,,,,,,,Additions,,,,
,,,,,,,,,,Temperature,,,,
,,,,,,,,,,Sides Mods,,,,
,,,,,,,,,,TOGO / OTHER Mods,,,,
,,,,,,,,,,Cheese,,,,
,,,,,,,,,,Sides,,,,
CG2W4Y4S4CME2,Impossible Burger,,11.99,Fixed,,Pleasant Hill Tax Rate,0.00,,,Sandwich/Burger Mods,,Food,No,No
,,,,,,,,,,Additions,,,,
,,,,,,,,,,Sides Mods,,,,
,,,,,,,,,,TOGO / OTHER Mods,,,,
,,,,,,,,,,Sides,,,,
AWM3W995DA5VT,Black and Blu Burger,,11.99,Fixed,,Pleasant Hill Tax Rate,0.00,,,Sandwich/Burger Mods,,Food,No,No
,,,,,,,,,,Additions,,,,
,,,,,,,,,,Temperature,,,,
,,,,,,,,,,Sides Mods,,,,
,,,,,,,,,,TOGO / OTHER Mods,,,,
,,,,,,,,,,Sides,,,,
GCBGVGMPQM7HC,Kids Burger with Fries,,8.49,Fixed,,Pleasant Hill Tax Rate,0.00,,,Sandwich/Burger Mods,,Food,No,No
,,,,,,,,,,Additions,,,,
,,,,,,,,,,TOGO / OTHER Mods,,,,
,,,,,,,,,,Add Cheese Mod,,,,
6NKKW26XK0FRG,Kids Tenders and Fries,,8.49,Fixed,,Pleasant Hill Tax Rate,0.00,,,TOGO / OTHER Mods,,Food,No,No
38VRXTTWJBK04,Kids Cheese Nachos,,7.99,Fixed,,Pleasant Hill Tax Rate,0.00,,,Additions,,Food,No,No
,,,,,,,,,,TOGO / OTHER Mods,,,,
J5TW4X2WS6WRE,Kids Grill Cheese and Fries,,7.99,Fixed,,Pleasant Hill Tax Rate,0.00,,,TOGO / OTHER Mods,,Food,No,No
B6WJT62WGJFA6,Kids Cheese Quesadilla,,7.99,Fixed,,Pleasant Hill Tax Rate,0.00,,,Additions,,Food,No,No
,,,,,,,,,,TOGO / OTHER Mods,,,,
0B5DGCG2ZNAV8,Kids Corn Dog and Fries,,7.99,Fixed,,Pleasant Hill Tax Rate,0.00,,,TOGO / OTHER Mods,,Food,No,No
VMCWJCYYE9254,Kids Spaghetti w/ Butter & Parmesan,,7.99,Fixed,,Pleasant Hill Tax Rate,0.00,,,TOGO / OTHER Mods,,Food,No,No
A2TWK67JMRPXW,Kids PB&J and Fires,,7.99,Fixed,,Pleasant Hill Tax Rate,0.00,,,TOGO / OTHER Mods,,Food,No,No
6B8FKY7CG1TJE,Kids Mac & Cheese Bites with Fries,,7.99,Fixed,,Pleasant Hill Tax Rate,0.00,,,TOGO / OTHER Mods,,Food,No,No
AHFVSZV8AERQ4,Kids Pancake & Sausage,,7.99,Fixed,,Pleasant Hill Tax Rate,0.00,,,TOGO / OTHER Mods,,Food,No,No
Q9QAG5J76B7R8,Kids Bacon and Scrambled Egg,,7.49,Fixed,,Pleasant Hill Tax Rate,0.00,,,TOGO / OTHER Mods,,Food,No,No
,,,,,,,,,,Bread,,,,
QWH177VVBG458,Kids Fruit and Veggies,,4.99,Fixed,,Pleasant Hill Tax Rate,0.00,,,TOGO / OTHER Mods,,Food,No,No
H6E8SX5TNAKSA,Kids Drink,,3.49,Fixed,,Pleasant Hill Tax Rate,0.00,,,Kids Drinks Mods,,Liquor,No,No
K8P0DCWXWDW2M,Shrimp Tacos,,11.99,Fixed,,Pleasant Hill Tax Rate,0.00,,,Additions,,Food,No,No
,,,,,,,,,,TOGO / OTHER Mods,,,,
,,,,,,,,,,Entree Mods,,,,
FF8YJ9BRVPV6R,Chorizo Tacos,,9.99,Fixed,,Pleasant Hill Tax Rate,0.00,,,Additions,,Food,No,No
,,,,,,,,,,TOGO / OTHER Mods,,,,
,,,,,,,,,,Entree Mods,,,,
RX4MGBS5J63CR,Blackened Tilapia,,16.99,Fixed,,Pleasant Hill Tax Rate,0.00,,,Additions,,Food,No,No
,,,,,,,,,,TOGO / OTHER Mods,,,,
2P0MEPM5M3Y4E,Chicken Jambalaya,,12.99,Fixed,,Pleasant Hill Tax Rate,0.00,,,Additions,,Food,No,No
,,,,,,,,,,TOGO / OTHER Mods,,,,
34MAFS5W0K3EW,Sausage Sampler,,14.99,Fixed,,Pleasant Hill Tax Rate,0.00,,,Additions,,Food,No,No
,,,,,,,,,,TOGO / OTHER Mods,,,,
,,,,,,,,,,Entree Mods,,,,
A3W4JRWKR5PF0,Meatloaf Dinner,,13.99,Fixed,,Pleasant Hill Tax Rate,0.00,,,Additions,,Food,No,No
,,,,,,,,,,TOGO / OTHER Mods,,,,
,,,,,,,,,,Entree Mods,,,,
W7WCNTR1H0Q2R,Spaghetti and Meatballs,,12.99,Fixed,,Pleasant Hill Tax Rate,0.00,,,Additions,,Food,No,No
,,,,,,,,,,TOGO / OTHER Mods,,,,
TDV81QNJNAGW6,Swiss Mushroom Steak,,15.99,Fixed,,Pleasant Hill Tax Rate,0.00,,,Additions,,Food,No,No
,,,,,,,,,,Temperature,,,,
,,,,,,,,,,TOGO / OTHER Mods,,,,
,,,,,,,,,,Entree Mods,,,,
QWV1QHAA0G202,Honey Garlic Salmon,,17.99,Fixed,,Pleasant Hill Tax Rate,0.00,,,Additions,,Food,No,No
,,,,,,,,,,TOGO / OTHER Mods,,,,
CECGPJ6C2P0HA,Wrapped Grill Tri Tip,,17.99,Fixed,,Pleasant Hill Tax Rate,0.00,,,Additions,,Food,No,No
,,,,,,,,,,Temperature,,,,
,,,,,,,,,,TOGO / OTHER Mods,,,,
,,,,,,,,,,Entree Mods,,,,
FF2D6SQTA07D6,Fried Chicken,,13.99,Fixed,,Pleasant Hill Tax Rate,0.00,,,Additions,,Food,No,No
,,,,,,,,,,TOGO / OTHER Mods,,,,
,,,,,,,,,,Entree Mods,,,,
VEXRQAEHYX328,Parmesan Chicken,,14.99,Fixed,,Pleasant Hill Tax Rate,0.00,,,Additions,,Food,No,No
,,,,,,,,,,TOGO / OTHER Mods,,,,
,,,,,,,,,,Entree Mods,,,,
QG155CH48752R,Chicken Pasta Primavera,,14.99,Fixed,,Pleasant Hill Tax Rate,0.00,,,Sauce,,Food,No,No
,,,,,,,,,,TOGO / OTHER Mods,,,,
,,,,,,,,,,Protein Mods,,,,
,,,,,,,,,,Entree Mods,,,,
BR4ZMGR69VD6P,Veggies Spaghetti ,,13.99,Fixed,,Pleasant Hill Tax Rate,0.00,,,Additions,,Food,No,No
,,,,,,,,,,TOGO / OTHER Mods,,,,
KX07469CY8EK8,Pot Roast,,13.99,Fixed,,Pleasant Hill Tax Rate,0.00,,,Additions,,Food,No,No
,,,,,,,,,,TOGO / OTHER Mods,,,,
,,,,,,,,,,Entree Mods,,,,
8SG0STQAK2ERW,Cream Pesto Pasta with Shrimp,,15.99,Fixed,,Pleasant Hill Tax Rate,0.00,,,TOGO / OTHER Mods,,Food,No,No
G373M85HWYKDY,Shrimp Skewers,,14.99,Fixed,,Pleasant Hill Tax Rate,0.00,,,Additions,,Food,No,No
,,,,,,,,,,TOGO / OTHER Mods,,,,
,,,,,,,,,,Entree Mods,,,,
814RKMSS8YRPM,Filet,,17.99,Fixed,,Pleasant Hill Tax Rate,0.00,,,Streak Night Mods,,Food,No,No
,,,,,,,,,,Temperature,,,,
,,,,,,,,,,TOGO / OTHER Mods,,,,
2X0258SK8R1Y4,New York,,17.99,Fixed,,Pleasant Hill Tax Rate,0.00,,,Streak Night Mods,,Food,No,No
,,,,,,,,,,Temperature,,,,
,,,,,,,,,,TOGO / OTHER Mods,,,,
0ZN47FJ7PX0E2,1/2 Rack Ribs,,14.99,Fixed,,Pleasant Hill Tax Rate,0.00,,,Sides Mods,,Food,No,No
,,,,,,,,,,TOGO / OTHER Mods,,,,
,,,,,,,,,,Sides,,,,
S2T4K1EC5QAH0,Cheese Pizza,,10.99,Fixed,,Pleasant Hill Tax Rate,0.00,,,No Pizza Toppings,,Food,No,No
,,,,,,,,,,Add Pizza Toppings,,,,
,,,,,,,,,,TOGO / OTHER Mods,,,,
,,,,,,,,,,Sub Pizza Sauce,,,,
NKEQJS7E1WBDY,Pepperoni Pizza,,11.99,Fixed,,Pleasant Hill Tax Rate,0.00,,,No Pizza Toppings,,Food,No,No
,,,,,,,,,,Add Pizza Toppings,,,,
,,,,,,,,,,TOGO / OTHER Mods,,,,
,,,,,,,,,,Sub Pizza Sauce,,,,
EFS124EQV6YJY,Margarita Pizza,,11.99,Fixed,,Pleasant Hill Tax Rate,0.00,,,No Pizza Toppings,,Food,No,No
,,,,,,,,,,Add Pizza Toppings,,,,
,,,,,,,,,,TOGO / OTHER Mods,,,,
,,,,,,,,,,Sub Pizza Sauce,,,,
574GRTWXZ9638,Magoo’s Pizza,,12.99,Fixed,,Pleasant Hill Tax Rate,0.00,,,No Pizza Toppings,,Food,No,No
,,,,,,,,,,Add Pizza Toppings,,,,
,,,,,,,,,,TOGO / OTHER Mods,,,,
,,,,,,,,,,Sub Pizza Sauce,,,,
HJD25K0NQABET,BBQ Chicken Pizza,,11.99,Fixed,,Pleasant Hill Tax Rate,0.00,,,No Pizza Toppings,,Food,No,No
,,,,,,,,,,Add Pizza Toppings,,,,
,,,,,,,,,,TOGO / OTHER Mods,,,,
,,,,,,,,,,Sub Pizza Sauce,,,,
RD3S4V0DCHBPT,Combination Pizza,,12.99,Fixed,,Pleasant Hill Tax Rate,0.00,,,No Pizza Toppings,,Food,No,No
,,,,,,,,,,Add Pizza Toppings,,,,
,,,,,,,,,,TOGO / OTHER Mods,,,,
,,,,,,,,,,Sub Pizza Sauce,,,,
ZE7HFMZHMY8HJ,Veggie Pizza,,12.99,Fixed,,Pleasant Hill Tax Rate,0.00,,,No Pizza Toppings,,Food,No,No
,,,,,,,,,,Add Pizza Toppings,,,,
,,,,,,,,,,TOGO / OTHER Mods,,,,
,,,,,,,,,,Sub Pizza Sauce,,,,
RQ1GJ1N09CW2M,Chicken Club Pizza,,12.99,Fixed,,Pleasant Hill Tax Rate,0.00,,,No Pizza Toppings,,Food,No,No
,,,,,,,,,,Add Pizza Toppings,,,,
,,,,,,,,,,TOGO / OTHER Mods,,,,
,,,,,,,,,,Sub Pizza Sauce,,,,
MD83FEBE866PY,Hawaiian Pizza,,12.99,Fixed,,Pleasant Hill Tax Rate,0.00,,,No Pizza Toppings,,Food,No,No
,,,,,,,,,,Add Pizza Toppings,,,,
,,,,,,,,,,TOGO / OTHER Mods,,,,
,,,,,,,,,,Sub Pizza Sauce,,,,
67W462YNNPTM8,Chicken Pesto Pizza,,11.99,Fixed,,Pleasant Hill Tax Rate,0.00,,,No Pizza Toppings,,Food,No,No
,,,,,,,,,,Add Pizza Toppings,,,,
,,,,,,,,,,TOGO / OTHER Mods,,,,
,,,,,,,,,,Sub Pizza Sauce,,,,
Y7WFYDAJ0D7HA,Cheese Omelette,,9.99,Fixed,,Pleasant Hill Tax Rate,0.00,,,Additions,,Food,No,No
,,,,,,,,,,Breakfast Mods,,,,
,,,,,,,,,,TOGO / OTHER Mods,,,,
,,,,,,,,,,Protein Mods,,,,
,,,,,,,,,,Add Cheese Mod,,,,
,,,,,,,,,,Bread,,,,
ZSP7QN3A991W0,Magoo’s Special Omelette,,11.99,Fixed,,Pleasant Hill Tax Rate,0.00,,,Additions,,Food,No,No
,,,,,,,,,,Breakfast Mods,,,,
,,,,,,,,,,TOGO / OTHER Mods,,,,
,,,,,,,,,,Protein Mods,,,,
,,,,,,,,,,Bread,,,,
X1ZBMAK4D47B6,Denver Omelette,,11.99,Fixed,,Pleasant Hill Tax Rate,0.00,,,Additions,,Food,No,No
,,,,,,,,,,Breakfast Mods,,,,
,,,,,,,,,,TOGO / OTHER Mods,,,,
,,,,,,,,,,Protein Mods,,,,
,,,,,,,,,,Bread,,,,
2S94WM09GCW9E,Veggie Omelette,,11.99,Fixed,,Pleasant Hill Tax Rate,0.00,,,Additions,,Food,No,No
,,,,,,,,,,Breakfast Mods,,,,
,,,,,,,,,,TOGO / OTHER Mods,,,,
,,,,,,,,,,Protein Mods,,,,
,,,,,,,,,,Bread,,,,
1BHHNBFH255MR,Pleasant Hill Scramble,,11.99,Fixed,,Pleasant Hill Tax Rate,0.00,,,Additions,,Food,No,No
,,,,,,,,,,Breakfast Mods,,,,
,,,,,,,,,,TOGO / OTHER Mods,,,,
,,,,,,,,,,Protein Mods,,,,
,,,,,,,,,,Bread,,,,
15GZV2NN3YMJ6,Short Stack,,8.99,Fixed,,Pleasant Hill Tax Rate,0.00,,,TOGO / OTHER Mods,,Food,No,No
P72J3Q5F9EGY4,Full Stack,,9.99,Fixed,,Pleasant Hill Tax Rate,0.00,,,TOGO / OTHER Mods,,Food,No,No
YYW1RAJ7109G6,Cinnamon French Toast,,9.99,Fixed,,Pleasant Hill Tax Rate,0.00,,,TOGO / OTHER Mods,,Food,No,No
X777090R9P61R,Chef’s Special,,11.99,Fixed,,Pleasant Hill Tax Rate,0.00,,,TOGO / OTHER Mods,,Food,No,No
,,,,,,,,,,Eggs,,,,
ZKH5WDQ9ZQWHT,Breakfast Burritos,,10.99,Fixed,,Pleasant Hill Tax Rate,0.00,,,Additions,,Food,No,No
,,,,,,,,,,Breakfast Burrito Meat,,,,
,,,,,,,,,,Breakfast Mods,,,,
,,,,,,,,,,TOGO / OTHER Mods,,,,
,,,,,,,,,,Protein Mods,,,,
DEHMCPZH1RFE8,Grilled Breakfast Sandwich,,9.99,Fixed,,Pleasant Hill Tax Rate,0.00,,,Additions,,Food,No,No
,,,,,,,,,,TOGO / OTHER Mods,,,,
,,,,,,,,,,Protein Mods,,,,
,,,,,,,,,,Add Cheese Mod,,,,
,,,,,,,,,,Bread,,,,
ZFK2S1D8WBDR8,Two Eggs,,8.99,Fixed,,Pleasant Hill Tax Rate,0.00,,,Additions,,Food,No,No
,,,,,,,,,,Breakfast Mods,,,,
,,,,,,,,,,TOGO / OTHER Mods,,,,
,,,,,,,,,,Eggs,,,,
,,,,,,,,,,Bread,,,,
07Y46FF4DS4RG,Bacon and Eggs,,10.99,Fixed,,Pleasant Hill Tax Rate,0.00,,,Additions,,Food,No,No
,,,,,,,,,,Breakfast Mods,,,,
,,,,,,,,,,TOGO / OTHER Mods,,,,
,,,,,,,,,,Protein Mods,,,,
,,,,,,,,,,Eggs,,,,
,,,,,,,,,,Bread,,,,
2PTMGPDZA4NEJ,Sausage and Eggs,,10.99,Fixed,,Pleasant Hill Tax Rate,0.00,,,Additions,,Food,No,No
,,,,,,,,,,Breakfast Mods,,,,
,,,,,,,,,,TOGO / OTHER Mods,,,,
,,,,,,,,,,Eggs,,,,
,,,,,,,,,,Bread,,,,
2517B5YTWP95C,Ham and Eggs,,10.99,Fixed,,Pleasant Hill Tax Rate,0.00,,,Additions,,Food,No,No
,,,,,,,,,,Breakfast Mods,,,,
,,,,,,,,,,TOGO / OTHER Mods,,,,
,,,,,,,,,,Eggs,,,,
,,,,,,,,,,Bread,,,,
Y4EWRQ6R6BR6C,Steak and Eggs,,15.99,Fixed,,Pleasant Hill Tax Rate,0.00,,,Additions,,Food,No,No
,,,,,,,,,,Temperature,,,,
,,,,,,,,,,Breakfast Mods,,,,
,,,,,,,,,,TOGO / OTHER Mods,,,,
,,,,,,,,,,Eggs,,,,
,,,,,,,,,,Bread,,,,
9D57P80BME6JY,BTS Omelet,,11.99,Fixed,,Pleasant Hill Tax Rate,0.00,,,Additions,,Food,No,No
,,,,,,,,,,Breakfast Mods,,,,
,,,,,,,,,,TOGO / OTHER Mods,,,,
,,,,,,,,,,Bread,,,,
Z73739TM6G9GA,Chili Omelet,,11.99,Fixed,,Pleasant Hill Tax Rate,0.00,,,Additions,,Food,No,No
,,,,,,,,,,Breakfast Mods,,,,
,,,,,,,,,,TOGO / OTHER Mods,,,,
,,,,,,,,,,Bread,,,,
X8S9ZJX2XWSNA,Swiss Spinach Omelet,,11.99,Fixed,,Pleasant Hill Tax Rate,0.00,,,Additions,,Food,No,No
,,,,,,,,,,Breakfast Mods,,,,
,,,,,,,,,,TOGO / OTHER Mods,,,,
,,,,,,,,,,Bread,,,,
DHRFDD2BMKXN6,Southwestern Scramble,,11.99,Fixed,,Pleasant Hill Tax Rate,0.00,,,Additions,,Food,No,No
,,,,,,,,,,Breakfast Mods,,,,
,,,,,,,,,,TOGO / OTHER Mods,,,,
,,,,,,,,,,Protein Mods,,,,
,,,,,,,,,,Bread,,,,
1SQ8BK03P5J5C,Chorizo Scramble,,11.99,Fixed,,Pleasant Hill Tax Rate,0.00,,,Additions,,Food,No,No
,,,,,,,,,,Breakfast Mods,,,,
,,,,,,,,,,TOGO / OTHER Mods,,,,
,,,,,,,,,,Bread,,,,
70KVW9B8W6WHW,Country Fried Steak,,14.99,Fixed,,Pleasant Hill Tax Rate,0.00,,,Additions,,Food,No,No
,,,,,,,,,,TOGO / OTHER Mods,,,,
,,,,,,,,,,Eggs,,,,
,,,,,,,,,,Bread,,,,
36FP196711RR0,Carnitas Hash,,12.99,Fixed,,Pleasant Hill Tax Rate,0.00,,,Additions,,Food,No,No
,,,,,,,,,,TOGO / OTHER Mods,,,,
,,,,,,,,,,Bread,,,,
YYQB48GKFGA5Y,Huevos Rancheros,,10.99,Fixed,,Pleasant Hill Tax Rate,0.00,,,Additions,,Food,No,No
,,,,,,,,,,TOGO / OTHER Mods,,,,
36SS601ASVPK4,Waffles and Chicken Tenders,,9.99,Fixed,,Pleasant Hill Tax Rate,0.00,,,Additions,,Food,No,No
,,,,,,,,,,TOGO / OTHER Mods,,,,
QGZ2159Q8K1T4,Traditional Egg Benedict,,11.99,Fixed,,Pleasant Hill Tax Rate,0.00,,,Additions,,Food,No,No
,,,,,,,,,,Breakfast Mods,,,,
,,,,,,,,,,TOGO / OTHER Mods,,,,
E746FN3XQ6S7W,Vegetarian Benedict,,11.99,Fixed,,Pleasant Hill Tax Rate,0.00,,,Additions,,Food,No,No
,,,,,,,,,,Breakfast Mods,,,,
,,,,,,,,,,TOGO / OTHER Mods,,,,
Q5WHR2QN0H3JR,Tri-Tip Benedict,,14.99,Fixed,,Pleasant Hill Tax Rate,0.00,,,Additions,,Food,No,No
,,,,,,,,,,Breakfast Mods,,,,
,,,,,,,,,,TOGO / OTHER Mods,,,,
K1VQ02B690B1E,Bacon Avocado Benedict,,12.99,Fixed,,Pleasant Hill Tax Rate,0.00,,,Additions,,Food,No,No
,,,,,,,,,,Breakfast Mods,,,,
,,,,,,,,,,TOGO / OTHER Mods,,,,
,,,,,,,,,,Protein Mods,,,,
2YADG7906W6X4,Club Benedict,,13.99,Fixed,,Pleasant Hill Tax Rate,0.00,,,Additions,,Food,No,No
,,,,,,,,,,Breakfast Mods,,,,
,,,,,,,,,,TOGO / OTHER Mods,,,,
,,,,,,,,,,Protein Mods,,,,
TTE5KV8ASQ2AP,Asparagus & Smoked Salmon Benedict,,13.99,Fixed,,Pleasant Hill Tax Rate,0.00,,,Additions,,Food,No,No
,,,,,,,,,,Breakfast Mods,,,,
,,,,,,,,,,TOGO / OTHER Mods,,,,
,,,,,,,,,,Bread,,,,
KD09ATBDH98P6,Magoo’s Healthy Creation,,11.99,Fixed,,Pleasant Hill Tax Rate,0.00,,,TOGO / OTHER Mods,,Food,No,No
,,,,,,,,,,Protein Mods,,,,
,,,,,,,,,,Eggs,,,,
M1VD9X64SDD9T,Open Face Magoo’s Special,,11.99,Fixed,,Pleasant Hill Tax Rate,0.00,,,Breakfast Mods,,Food,No,No
,,,,,,,,,,TOGO / OTHER Mods,,,,
10V9NVR87NN54,Waffle Country Fried Steak Sandwich,,14.99,Fixed,,Pleasant Hill Tax Rate,0.00,,,Additions,,Food,No,No
,,,,,,,,,,TOGO / OTHER Mods,,,,
2JJE47HKESGDM,Angry Orchard Bottle,,5.00,Fixed,,DEFAULT,0.00,,,Beer Mods,,Liquor,No,No
AFNVNX77A1N0G,Becks N/A Bottle,,4.00,Fixed,,DEFAULT,0.00,,,Beer Mods,,Liquor,No,No
6BD5RSFFG0D20,Bud Light Bottle,,4.00,Fixed,,DEFAULT,0.00,,,Beer Mods,,Liquor,No,No
0SHZW1CKYYMNT,Budweiser 25oz Can,,6.00,Fixed,,DEFAULT,0.00,,,Beer Mods,,Liquor,No,No
TG1GC81JH6KV4,Budweiser Bottle,,4.00,Fixed,,DEFAULT,0.00,,,Beer Mods,,Liquor,No,No
SVDZD22HW7514,Coors Light Bottle,,4.00,Fixed,,DEFAULT,0.00,,,Beer Mods,,Liquor,No,No
47DMG52G8N7P0,Corona Bottle,,5.00,Fixed,,DEFAULT,0.00,,,Beer Mods,,Liquor,No,No
N95WAVFSSEBNY,Corona Light Bottle,,5.00,Fixed,,DEFAULT,0.00,,,Beer Mods,,Liquor,No,No
W6CQH0P11ZWV4,Heineken Bottle,,5.00,Fixed,,DEFAULT,0.00,,,Beer Mods,,Liquor,No,No
8G3YTD5WW6P0M,Longboard Bottle,,5.00,Fixed,,DEFAULT,0.00,,,Beer Mods,,Liquor,No,No
RSJM2M27EFRNR,Michelob Ultra Bottle,,4.00,Fixed,,DEFAULT,0.00,,,Beer Mods,,Liquor,No,No
5C7CXVB0SFQM0,Michelob Ultra Gold Bottle,,4.00,Fixed,,DEFAULT,0.00,,,Beer Mods,,Liquor,No,No
BXTH2Z0SQWHB2,Miller Lite Bottle,,4.00,Fixed,,DEFAULT,0.00,,,Beer Mods,,Liquor,No,No
JTMD77GAYP2KP,Newcastle Bottle ,,5.00,Fixed,,DEFAULT,0.00,,,Beer Mods,,Liquor,No,No
ZGT2DAFQM52QE,PBR 24oz Can,,5.00,Fixed,,DEFAULT,0.00,,,Beer Mods,,Liquor,No,No
PN4VHR57REKYE,Pacifico Bottle,,4.00,Fixed,,DEFAULT,0.00,,,Beer Mods,,Liquor,No,No
R2F3SJ1Z841X8,Stone IPA Bottle,,5.00,Fixed,,DEFAULT,0.00,,,Beer Mods,,Liquor,No,No
Z6CVS5CRMSKKC,White Claw,,5.00,Fixed,,DEFAULT,0.00,,,,,Liquor,No,No
XMTK5S0ZGZ5JP,21st Amendment Draft,,7.00,Fixed,,DEFAULT,0.00,,,Beer Mods,,Liquor,No,No
DR47E74YVJ4GM,805 Draft,,7.00,Fixed,,DEFAULT,0.00,,,Beer Mods,,Liquor,No,No
87EJHE7C75CD6,ACE Cider Draft,,7.00,Fixed,,DEFAULT,0.00,,,Beer Mods,,Liquor,No,No
Z08WTCEM3TVMP,Altamont Maui Waui IPA Draft,,7.00,Fixed,,DEFAULT,0.00,,,Beer Mods,,Liquor,No,No
BMGJGBZ7ND4N0,Black/Tan Draft,,6.00,Fixed,,DEFAULT,0.00,,,Beer Mods,,Liquor,No,No
1NPCJSZ55FMAR,Blue Moon Draft,,6.00,Fixed,,DEFAULT,0.00,,,Beer Mods,,Liquor,No,No
TJ36D42FVNMH2,Budweiser Draft,,5.00,Fixed,,DEFAULT,0.00,,,Beer Mods,,Liquor,No,No
GMYYJCZBSCF1M,Coors Light Draft,,5.00,Fixed,,DEFAULT,0.00,,,Beer Mods,,Liquor,No,No
YRJK0KNH20ZZE,Del Cielo Draft,,7.00,Fixed,,DEFAULT,0.00,,,Beer Mods,,Liquor,No,No
D3RKFCRBRYFJ2,Desschutes Fresh Squeezed IPA Draft,,7.00,Fixed,,DEFAULT,0.00,,,Beer Mods,,Liquor,No,No
4P48KBEMWNP34,Ghost Town Hazy IPA Draft,,8.00,Fixed,,DEFAULT,0.00,,,Beer Mods,,Liquor,No,No
TG02CXN63WQ6P,Guinness Draft,,6.00,Fixed,,DEFAULT,0.00,,,Beer Mods,,Liquor,No,No
S2Q80448PXX4R,Elysain Space Dust,,8.00,Fixed,,DEFAULT,0.00,,,Beer Mods,,Liquor,No,No
ZJ0V2P7EQ1VE2,Lagunitas IPA Draft,,6.00,Fixed,,DEFAULT,0.00,,,Beer Mods,,Liquor,No,No
P3CGE8M2KAMJM,Lagunitas Hazy IPA Draft,,5.00,Fixed,,DEFAULT,0.00,,,Beer Mods,,Liquor,No,No
KW47CFCTZF86E,Lagunitas Waldo TIPA Draft,,12.00,Fixed,,DEFAULT,0.00,,,Beer Mods,,Liquor,No,No
H9Z980EQ5DE2T,Modelo Especial Draft,,6.50,Fixed,,DEFAULT,0.00,,,Beer Mods,,Liquor,No,No
PHHPSBJ0F7SGT,Morgan Territory Draft,,8.00,Fixed,,DEFAULT,0.00,,,Beer Mods,,Liquor,No,No
QH7R3WGWVNXXG,Sierra Nevada Draft,,7.00,Fixed,,DEFAULT,0.00,,,Beer Mods,,Liquor,No,No
V61Q4DWBV7N2E,Sierra Nevada Seasonal Draft,,8.00,Fixed,,DEFAULT,0.00,,,Beer Mods,,Liquor,No,No
3G15F6F84MM72,Stella Draft,,6.50,Fixed,,DEFAULT,0.00,,,Beer Mods,,Liquor,No,No
C26APH2VMMH2W,Napa Cellers Chardonnay,,9.00,Fixed,,DEFAULT,0.00,,,,,Liquor,No,No
VMFYH69JRPAGP,Flat Top Hill Sauvignon Blanc,,7.00,Fixed,,DEFAULT,0.00,,,,,Liquor,No,No
V987865ASP674,Fre Non-Alcholic Chardonnay,,7.00,Fixed,,DEFAULT,0.00,,,,,Liquor,No,No
WAZE3PKYB0FS4,Ménage A Trois Pinot Grigio,,7.00,Fixed,,DEFAULT,0.00,,,,,Liquor,No,No
H49VW52VHZDQW,Oyster Bay Sauvignon Blanc,,9.00,Fixed,,DEFAULT,0.00,,,,,Liquor,No,No
E6T52X8J647M6,Rose,,8.00,Fixed,,DEFAULT,0.00,,,,,Liquor,No,No
0KZJCBYPBQ6K2,Sutter Home White Zinfandel,,8.00,Fixed,,DEFAULT,0.00,,,,,Liquor,No,No
9GJABFQJG06H4,Kendall Jackson Chardonnay,,8.00,Fixed,,DEFAULT,0.00,,,,,Liquor,No,No
D25QQC9NQT554,Whispering Angel Rose,,11.00,Fixed,,DEFAULT,0.00,,,,,Liquor,No,No
A9DDERM3QFP28,1924 Pinot Noir,,11.00,Fixed,,DEFAULT,0.00,,,,,Liquor,No,No
AY6SA18TS5NYY,Gnarly Head Old Vine Zinfandel,,8.00,Fixed,,DEFAULT,0.00,,,,,Liquor,No,No
54VY8NKWPWP9W,Line 39 Merlot,,7.00,Fixed,,DEFAULT,0.00,,,,,Liquor,No,No
G0SA6SB26D1QM,Noble Vines 337 Cabernet Sauvignon,,8.00,Fixed,,DEFAULT,0.00,,,,,Liquor,No,No
4XVBQ0R7MVR4T,Crown Royal,,8.00,Fixed,,DEFAULT,0.00,,,Random Mixes Mods,,Liquor,No,No
,,,,,,,,,,Whiskey DBL,,,,
,,,,,,,,,,Whiskey Mods,,,,
,,,,,,,,,,Liquor Mods,,,,
,,,,,,,,,,Drink Mix,,,,
JDJPMDZHE95HC,Fireball,,7.00,Fixed,,DEFAULT,0.00,,,Random Mixes Mods,,Liquor,No,No
,,,,,,,,,,Whiskey DBL,,,,
,,,,,,,,,,Whiskey Mods,,,,
,,,,,,,,,,Liquor Mods,,,,
,,,,,,,,,,Drink Mix,,,,
2EVGXW35B45QM,Jack Daniels ,,8.50,Fixed,,DEFAULT,0.00,,,Random Mixes Mods,,Liquor,No,No
,,,,,,,,,,Whiskey DBL,,,,
,,,,,,,,,,Whiskey Mods,,,,
,,,,,,,,,,Liquor Mods,,,,
,,,,,,,,,,Drink Mix,,,,
SZZMJM91722ZE,Jack Daniels Fire,,8.50,Fixed,,DEFAULT,0.00,,,Random Mixes Mods,,Liquor,No,No
,,,,,,,,,,Whiskey DBL,,,,
,,,,,,,,,,Whiskey Mods,,,,
,,,,,,,,,,Liquor Mods,,,,
,,,,,,,,,,Drink Mix,,,,
D17SF0VRJ0HJ8,Jameson,,9.00,Fixed,,DEFAULT,0.00,,,Random Mixes Mods,,Liquor,No,No
,,,,,,,,,,Whiskey DBL,,,,
,,,,,,,,,,Whiskey Mods,,,,
,,,,,,,,,,Liquor Mods,,,,
,,,,,,,,,,Drink Mix,,,,
Y2HJXCN2SGTQC,Jameson Cold Brew,,9.00,Fixed,,DEFAULT,0.00,,,Random Mixes Mods,,Liquor,No,No
,,,,,,,,,,Whiskey Mods,,,,
,,,,,,,,,,Liquor Mods,,,,
,,,,,,,,,,Drink Mix,,,,
P7SHQVRPQ95WY,Japanese Whisky,,9.00,Fixed,,DEFAULT,0.00,,,Random Mixes Mods,,Liquor,No,No
,,,,,,,,,,Whiskey Mods,,,,
,,,,,,,,,,Liquor Mods,,,,
,,,,,,,,,,Drink Mix,,,,
78FA70ZRBWVM2,Jim Beam,,7.00,Fixed,,DEFAULT,0.00,,,Random Mixes Mods,,Liquor,No,No
,,,,,,,,,,Whiskey DBL,,,,
,,,,,,,,,,Whiskey Mods,,,,
,,,,,,,,,,Liquor Mods,,,,
,,,,,,,,,,Drink Mix,,,,
J64AZ4Q8006CR,Knob Creek,,11.00,Fixed,,DEFAULT,0.00,,,Random Mixes Mods,,Liquor,No,No
,,,,,,,,,,Whiskey DBL,,,,
,,,,,,,,,,Whiskey Mods,,,,
,,,,,,,,,,Liquor Mods,,,,
,,,,,,,,,,Drink Mix,,,,
NCS8AXB8QJWDE,Knob Creek Rye,,11.00,Fixed,,DEFAULT,0.00,,,Random Mixes Mods,,Liquor,No,No
,,,,,,,,,,Whiskey DBL,,,,
,,,,,,,,,,Whiskey Mods,,,,
,,,,,,,,,,Liquor Mods,,,,
,,,,,,,,,,Drink Mix,,,,
D8HSVHJYZA7Q2,Maker’s Mark,,11.00,Fixed,,DEFAULT,0.00,,,Random Mixes Mods,,Liquor,No,No
,,,,,,,,,,Whiskey DBL,,,,
,,,,,,,,,,Whiskey Mods,,,,
,,,,,,,,,,Liquor Mods,,,,
,,,,,,,,,,Drink Mix,,,,
TG2CA68E3YDY4,Redemption Rye,,7.00,Fixed,,DEFAULT,0.00,,,Random Mixes Mods,,Liquor,No,No
,,,,,,,,,,Whiskey DBL,,,,
,,,,,,,,,,Whiskey Mods,,,,
,,,,,,,,,,Liquor Mods,,,,
,,,,,,,,,,Drink Mix,,,,
EC9T27FGM5X74,Seagrams 7,,7.25,Fixed,,DEFAULT,0.00,,,Whiskey DBL,,Liquor,No,No
,,,,,,,,,,Whiskey Mods,,,,
,,,,,,,,,,Liquor Mods,,,,
,,,,,,,,,,Drink Mix,,,,
SNY1RZN94PC8M,Seagrams VO,,7.50,Fixed,,DEFAULT,0.00,,,Whiskey DBL,,Liquor,No,No
,,,,,,,,,,Whiskey Mods,,,,
,,,,,,,,,,Liquor Mods,,,,
,,,,,,,,,,Drink Mix,,,,
4GFSAYJTVT10C,Tullamore Dew,,9.00,Fixed,,DEFAULT,0.00,,,Whiskey DBL,,Liquor,No,No
,,,,,,,,,,Whiskey Mods,,,,
,,,,,,,,,,Liquor Mods,,,,
,,,,,,,,,,Drink Mix,,,,
39BTNX2JD1CST,Woodford Reserve ,,12.00,Fixed,,DEFAULT,0.00,,,Random Mixes Mods,,Liquor,No,No
,,,,,,,,,,Whiskey DBL,,,,
,,,,,,,,,,Whiskey Mods,,,,
,,,,,,,,,,Liquor Mods,,,,
,,,,,,,,,,Drink Mix,,,,
FP8DC3V2AY2K0,Absolut,,8.00,Fixed,,DEFAULT,0.00,,,Vodka DBL,,Liquor,No,No
,,,,,,,,,,Random Mixes Mods,,,,
,,,,,,,,,,Vodka Mods,,,,
,,,,,,,,,,Liquor Mods,,,,
,,,,,,,,,,Red Bull Mods,,,,
,,,,,,,,,,Drink Mix,,,,
4KB700VJNDZEA,Absolut Citron,,8.00,Fixed,,DEFAULT,0.00,,,Vodka DBL,,Liquor,No,No
,,,,,,,,,,Random Mixes Mods,,,,
,,,,,,,,,,Vodka Mods,,,,
,,,,,,,,,,Liquor Mods,,,,
,,,,,,,,,,Red Bull Mods,,,,
,,,,,,,,,,Drink Mix,,,,
XCCR5X0JV93P6,Absolut Mandarin,,8.00,Fixed,,DEFAULT,0.00,,,Vodka DBL,,Liquor,No,No
,,,,,,,,,,Random Mixes Mods,,,,
,,,,,,,,,,Vodka Mods,,,,
,,,,,,,,,,Liquor Mods,,,,
,,,,,,,,,,Red Bull Mods,,,,
,,,,,,,,,,Drink Mix,,,,
B0KT85600Y6P4,Burnetts Cherry,,6.00,Fixed,,DEFAULT,0.00,,,Vodka DBL,,Liquor,No,No
,,,,,,,,,,Random Mixes Mods,,,,
,,,,,,,,,,Vodka Mods,,,,
,,,,,,,,,,Liquor Mods,,,,
,,,,,,,,,,Red Bull Mods,,,,
,,,,,,,,,,Drink Mix,,,,
77T1X0FWPDCH4,Burnetts Whipped,,6.00,Fixed,,DEFAULT,0.00,,,Vodka DBL,,Liquor,No,No
,,,,,,,,,,Random Mixes Mods,,,,
,,,,,,,,,,Vodka Mods,,,,
,,,,,,,,,,Liquor Mods,,,,
,,,,,,,,,,Red Bull Mods,,,,
,,,,,,,,,,Drink Mix,,,,
GGTY8XR6N6VSJ,Grey Goose,,11.00,Fixed,,DEFAULT,0.00,,,Vodka DBL,,Liquor,No,No
,,,,,,,,,,Random Mixes Mods,,,,
,,,,,,,,,,Vodka Mods,,,,
,,,,,,,,,,Liquor Mods,,,,
,,,,,,,,,,Red Bull Mods,,,,
,,,,,,,,,,Drink Mix,,,,
5TSPFZGWFX48W,Ketel One,,9.00,Fixed,,DEFAULT,0.00,,,Vodka DBL,,Liquor,No,No
,,,,,,,,,,Random Mixes Mods,,,,
,,,,,,,,,,Vodka Mods,,,,
,,,,,,,,,,Liquor Mods,,,,
,,,,,,,,,,Red Bull Mods,,,,
,,,,,,,,,,Drink Mix,,,,
VS7MZZ4NXFCVY,Skyy,,8.00,Fixed,,DEFAULT,0.00,,,Vodka DBL,,Liquor,No,No
,,,,,,,,,,Random Mixes Mods,,,,
,,,,,,,,,,Vodka Mods,,,,
,,,,,,,,,,Liquor Mods,,,,
,,,,,,,,,,Red Bull Mods,,,,
,,,,,,,,,,Drink Mix,,,,
CMDN3EBB87JEA,Skyy California Apricot,,8.00,Fixed,,DEFAULT,0.00,,,Vodka DBL,,Liquor,No,No
,,,,,,,,,,Random Mixes Mods,,,,
,,,,,,,,,,Vodka Mods,,,,
,,,,,,,,,,Liquor Mods,,,,
,,,,,,,,,,Red Bull Mods,,,,
,,,,,,,,,,Drink Mix,,,,
FF9YEDE4Q5Y1T,Skyy Peach,,8.00,Fixed,,DEFAULT,0.00,,,Vodka DBL,,Liquor,No,No
,,,,,,,,,,Random Mixes Mods,,,,
,,,,,,,,,,Vodka Mods,,,,
,,,,,,,,,,Liquor Mods,,,,
,,,,,,,,,,Red Bull Mods,,,,
,,,,,,,,,,Drink Mix,,,,
QB45CN0N0ZVSJ,Titos,,9.50,Fixed,,DEFAULT,0.00,,,Vodka DBL,,Liquor,No,No
,,,,,,,,,,Random Mixes Mods,,,,
,,,,,,,,,,Vodka Mods,,,,
,,,,,,,,,,Liquor Mods,,,,
,,,,,,,,,,Red Bull Mods,,,,
,,,,,,,,,,Drink Mix,,,,
Q0TS9FMHX43M2,Casamigos Anejo,,14.00,Fixed,,DEFAULT,0.00,,,Tequila DBL,,Liquor,No,No
,,,,,,,,,,Random Mixes Mods,,,,
,,,,,,,,,,Tequila Mods,,,,
,,,,,,,,,,Liquor Mods,,,,
,,,,,,,,,,Red Bull Mods,,,,
,,,,,,,,,,Drink Mix,,,,
ZGPZ1WZY5SZNG,Casamigos Repo,,11.00,Fixed,,DEFAULT,0.00,,,Tequila DBL,,Liquor,No,No
,,,,,,,,,,Random Mixes Mods,,,,
,,,,,,,,,,Tequila Mods,,,,
,,,,,,,,,,Liquor Mods,,,,
,,,,,,,,,,Red Bull Mods,,,,
,,,,,,,,,,Drink Mix,,,,
8Q5D1P5YX50J4,Cazadores Blanco,,9.00,Fixed,,DEFAULT,0.00,,,Tequila DBL,,Liquor,No,No
,,,,,,,,,,Random Mixes Mods,,,,
,,,,,,,,,,Tequila Mods,,,,
,,,,,,,,,,Liquor Mods,,,,
,,,,,,,,,,Red Bull Mods,,,,
,,,,,,,,,,Drink Mix,,,,
E74YQWJ0QA0N0,Cazadores Repo,,9.00,Fixed,,DEFAULT,0.00,,,Tequila DBL,,Liquor,No,No
,,,,,,,,,,Random Mixes Mods,,,,
,,,,,,,,,,Tequila Mods,,,,
,,,,,,,,,,Liquor Mods,,,,
,,,,,,,,,,Red Bull Mods,,,,
,,,,,,,,,,Drink Mix,,,,
12RJRE7634N7W,Clase Azul Repo,,19.00,Fixed,,DEFAULT,0.00,,,Tequila DBL,,Liquor,No,No
,,,,,,,,,,Random Mixes Mods,,,,
,,,,,,,,,,Tequila Mods,,,,
,,,,,,,,,,Liquor Mods,,,,
,,,,,,,,,,Red Bull Mods,,,,
,,,,,,,,,,Drink Mix,,,,
4ZTJGDSTYQGGE,Don Julio 1942,,28.00,Fixed,,DEFAULT,0.00,,,Tequila DBL,,Liquor,No,No
,,,,,,,,,,Random Mixes Mods,,,,
,,,,,,,,,,Tequila Mods,,,,
,,,,,,,,,,Liquor Mods,,,,
,,,,,,,,,,Red Bull Mods,,,,
,,,,,,,,,,Drink Mix,,,,
2D00C9NEM62ER,Don Julio Anejo,,14.00,Fixed,,DEFAULT,0.00,,,Tequila DBL,,Liquor,No,No
,,,,,,,,,,Random Mixes Mods,,,,
,,,,,,,,,,Tequila Mods,,,,
,,,,,,,,,,Liquor Mods,,,,
,,,,,,,,,,Red Bull Mods,,,,
,,,,,,,,,,Drink Mix,,,,
RBBA9H2ER00PY,Don Julio Blanco,,12.00,Fixed,,DEFAULT,0.00,,,Tequila DBL,,Liquor,No,No
,,,,,,,,,,Random Mixes Mods,,,,
,,,,,,,,,,Tequila Mods,,,,
,,,,,,,,,,Liquor Mods,,,,
,,,,,,,,,,Red Bull Mods,,,,
,,,,,,,,,,Drink Mix,,,,
RRV7BY08CTCNP,Don Julio Repo,,12.00,Fixed,,DEFAULT,0.00,,,Tequila DBL,,Liquor,No,No
,,,,,,,,,,Random Mixes Mods,,,,
,,,,,,,,,,Tequila Mods,,,,
,,,,,,,,,,Liquor Mods,,,,
,,,,,,,,,,Red Bull Mods,,,,
,,,,,,,,,,Drink Mix,,,,
5XHGA25Q6ENBW,Dulce Vida Blanco,,7.00,Fixed,,DEFAULT,0.00,,,Tequila DBL,,Liquor,No,No
,,,,,,,,,,Random Mixes Mods,,,,
,,,,,,,,,,Tequila Mods,,,,
,,,,,,,,,,Liquor Mods,,,,
,,,,,,,,,,Drink Mix,,,,
RYD1071VQW5WC,Patron Silver,,11.00,Fixed,,DEFAULT,0.00,,,Tequila DBL,,Liquor,No,No
,,,,,,,,,,Random Mixes Mods,,,,
,,,,,,,,,,Tequila Mods,,,,
,,,,,,,,,,Liquor Mods,,,,
,,,,,,,,,,Red Bull Mods,,,,
,,,,,,,,,,Drink Mix,,,,
7KVG64KGE3WTE,Del Maguey Vida Mezcal,,9.00,Fixed,,DEFAULT,0.00,,,Tequila DBL,,Liquor,No,No
,,,,,,,,,,Random Mixes Mods,,,,
,,,,,,,,,,Tequila Mods,,,,
,,,,,,,,,,Liquor Mods,,,,
,,,,,,,,,,Red Bull Mods,,,,
,,,,,,,,,,Drink Mix,,,,
9C31J3P0J56G4,Dewars White Label,,10.00,Fixed,,DEFAULT,0.00,,,Random Mixes Mods,,Liquor,No,No
,,,,,,,,,,Liquor Mods,,,,
,,,,,,,,,,Scotch DBL,,,,
,,,,,,,,,,Drink Mix,,,,
G4ABZ48DSX97G,Glenlivet 12 Year,,12.00,Fixed,,DEFAULT,0.00,,,Random Mixes Mods,,Liquor,No,No
,,,,,,,,,,Liquor Mods,,,,
,,,,,,,,,,Scotch DBL,,,,
,,,,,,,,,,Drink Mix,,,,
6J40KYBGGVS56,Johnnie Walker Black,,9.50,Fixed,,DEFAULT,0.00,,,Random Mixes Mods,,Liquor,No,No
,,,,,,,,,,Liquor Mods,,,,
,,,,,,,,,,Scotch DBL,,,,
,,,,,,,,,,Drink Mix,,,,
G54T7XH1HJGQG,Bacardi Gold,,6.50,Fixed,,DEFAULT,0.00,,,Random Mixes Mods,,Liquor,No,No
,,,,,,,,,,Liquor Mods,,,,
,,,,,,,,,,Rum DBL,,,,
,,,,,,,,,,Drink Mix,,,,
4NCXWCB0AAE2M,Bacardi Silver,,7.00,Fixed,,DEFAULT,0.00,,,Random Mixes Mods,,Liquor,No,No
,,,,,,,,,,Liquor Mods,,,,
,,,,,,,,,,Rum DBL,,,,
,,,,,,,,,,Drink Mix,,,,
ZZGX9BQ2C4XV6,Captain Morgan,,7.50,Fixed,,DEFAULT,0.00,,,Random Mixes Mods,,Liquor,No,No
,,,,,,,,,,Liquor Mods,,,,
,,,,,,,,,,Rum DBL,,,,
,,,,,,,,,,Drink Mix,,,,
DXA5N8A6K6TRM,Malibu,,7.50,Fixed,,DEFAULT,0.00,,,Random Mixes Mods,,Liquor,No,No
,,,,,,,,,,Liquor Mods,,,,
,,,,,,,,,,Rum DBL,,,,
,,,,,,,,,,Drink Mix,,,,
0HFWMQ5GMBY1Y,Myers Dark Rum,,7.50,Fixed,,DEFAULT,0.00,,,Random Mixes Mods,,Liquor,No,No
,,,,,,,,,,Liquor Mods,,,,
,,,,,,,,,,Rum DBL,,,,
,,,,,,,,,,Drink Mix,,,,
PQDQ0V06D57XY,Aviation,,9.00,Fixed,,DEFAULT,0.00,,,Random Mixes Mods,,Liquor,No,No
,,,,,,,,,,Liquor Mods,,,,
,,,,,,,,,,Drink Mix,,,,
,,,,,,,,,,Gin DBL,,,,
TGZ3QE0Y2HMFW,Bombay Sapphire,,11.00,Fixed,,DEFAULT,0.00,,,Random Mixes Mods,,Liquor,No,No
,,,,,,,,,,Liquor Mods,,,,
,,,,,,,,,,Gin DBL,,,,
FM4QSZST8X6Q2,Hendricks,,12.00,Fixed,,DEFAULT,0.00,,,Random Mixes Mods,,Liquor,No,No
,,,,,,,,,,Liquor Mods,,,,
,,,,,,,,,,Drink Mix,,,,
,,,,,,,,,,Gin DBL,,,,
DFS5JY02910SJ,Tanqueray,,7.00,Fixed,,DEFAULT,0.00,,,Liquor Mods,,Liquor,No,No
,,,,,,,,,,Drink Mix,,,,
,,,,,,,,,,Gin DBL,,,,
4H59HMKSMQKCG,Hennessy,,12.00,Fixed,,DEFAULT,0.00,,,Random Mixes Mods,,Liquor,No,No
,,,,,,,,,,Liquor Mods,,,,
,,,,,,,,,,Cognac Mods,,,,
,,,,,,,,,,Drink Mix,,,,
AG5GHNFTSEWJP,Korbel Brandy,,8.00,Fixed,,DEFAULT,0.00,,,Random Mixes Mods,,Liquor,No,No
,,,,,,,,,,Liquor Mods,,,,
,,,,,,,,,,Drink Mix,,,,
Q08GE6WFCW8QA,Bottle 1924 Pinot Noir,,30.00,Fixed,,DEFAULT,0.00,,,Glasses,,Liquor,No,No
PTMV6VQ5176V0,Bottle Butter Chardonnay,,28.00,Fixed,,DEFAULT,0.00,,,Glasses,,Liquor,No,No
MXCQV4AFP9E28,Bottle Flat Top Hills Sauvignon Blanc,,25.00,Fixed,,DEFAULT,0.00,,,Glasses,,Liquor,No,No
QJ1YE6BTVPKTA,Bottle Fre Non-Alcholic Chardonnay,,23.00,Fixed,,DEFAULT,0.00,,,Glasses,,Liquor,No,No
8VTVRVWDK3WBC,Bottle Gnarly Head Old Vine Zinfandel,,28.00,Fixed,,DEFAULT,0.00,,,Glasses,,Liquor,No,No
6QA9H014CQWH6,Bottle Line 39 Merlot,,23.00,Fixed,,DEFAULT,0.00,,,Glasses,,Liquor,No,No
17PC8SDAN8FM0,Bottle Ménage A Trois Pinot Grigio,,23.00,Fixed,,DEFAULT,0.00,,,Glasses,,Liquor,No,No
P06R8AQ7F8CDA,Bottle Noble Vines 337 Cabernet Sauvignon,,28.00,Fixed,,DEFAULT,0.00,,,Glasses,,Liquor,No,No
X426WW58R733M,Bottle Oyster Bay Sauvignon Blanc,,27.00,Fixed,,DEFAULT,0.00,,,Glasses,,Liquor,No,No
2ARMFCBJ9EZPY,Bottle Rose,,28.00,Fixed,,DEFAULT,0.00,,,Glasses,,Liquor,No,No
VVQ3NQJ3JEWGM,Bottle Sutter Home White Zinfandel,,26.00,Fixed,,DEFAULT,0.00,,,Glasses,,Liquor,No,No
E02EF9WV3KF0W,Bottle Sycamore Chardonnay,,23.00,Fixed,,DEFAULT,0.00,,,Glasses,,Liquor,No,No
0GFVE7YTSNC64,Bottle Whispering Angel Rose,,30.00,Fixed,,DEFAULT,0.00,,,Glasses,,Liquor,No,No
MQ8S8287TT6ZP,Corkage,,15.00,Fixed,,DEFAULT,0.00,,,Glasses,,Liquor,No,No
P30C2A7495KHP,Bottle Stanford Brut,,21.00,Fixed,,DEFAULT,0.00,,,Glasses,,Liquor,No,No
S7NC048RS7XFR,Bottle Ruffino Prosecco,,28.00,Fixed,,DEFAULT,0.00,,,Glasses,,Liquor,No,No
2DBKNJMYRDS7T,Bottomless Mimosa,,15.00,Fixed,,DEFAULT,0.00,,,Mimosa Mods,,Liquor,No,No
0BTKCQVQ1MMWW,Bottomless Mimosa Refill,,0.00,Fixed,,DEFAULT,0.00,,,Mimosa Mods,,Liquor,No,No
S65TBATRNCDN6,Stanford Brut Glass,,6.00,Fixed,,DEFAULT,0.00,,,,,Liquor,No,No
3731G96TGBNGY,Korbel Split,,7.50,Fixed,,DEFAULT,0.00,,,,,Liquor,No,No
WD4DRXVQXYT1W,Mimosa,,7.50,Fixed,,DEFAULT,0.00,,,Mimosa Mods,,Liquor,No,No
AJ77WWPZ4V7JC,Ruffino Prosecco,,8.00,Fixed,,DEFAULT,0.00,,,,,Liquor,No,No
FMJ4ZRMF7V7AA,Pitcher 21st Amendment,,26.00,Fixed,,DEFAULT,0.00,,,Glasses,,Liquor,No,No
APN52W9FA0XVR,Pitcher 805,,26.00,Fixed,,DEFAULT,0.00,,,Glasses,,Liquor,No,No
6FD1AM3QM7PQR,Pitcher ACE Cider,,26.00,Fixed,,DEFAULT,0.00,,,Glasses,,Liquor,No,No
CSBTH94SJF4EJ,Pitcher Altamont Maui Waui IPA,,26.00,Fixed,,DEFAULT,0.00,,,Glasses,,Liquor,No,No
10XA0CYS7HPGY,Pitcher Blue Moon,,22.00,Fixed,,DEFAULT,0.00,,,Glasses,,Liquor,No,No
X2306B0CGVB30,Pitcher Bud,,18.00,Fixed,,DEFAULT,0.00,,,Glasses,,Liquor,No,No
PHF7MMEJYXBT4,Pitcher Coors Light,,18.00,Fixed,,DEFAULT,0.00,,,Glasses,,Liquor,No,No
GSZV7NCN4FHE8,Pitcher Del Cielo,,26.00,Fixed,,DEFAULT,0.00,,,Glasses,,Liquor,No,No
FC6G428NYCT3A,Pitcher Deschutes Fresh Squeezed IPA,,26.00,Fixed,,DEFAULT,0.00,,,Glasses,,Liquor,No,No
Q7F8HR8CQZ3M0,Pitcher Ghost Town Hazy IPA,,28.00,Fixed,,DEFAULT,0.00,,,Glasses,,Liquor,No,No
ZDS0WE4725X9M,Pitcher Guinness ,,22.00,Fixed,,DEFAULT,0.00,,,Glasses,,Liquor,No,No
G1V0Y9XE1AFJ2,Pitcher Hoptomic DIPA,,28.00,Fixed,,DEFAULT,0.00,,,Glasses,,Liquor,No,No
PDXDC9HFVE4HP,Pitcher Lagunitas IPA,,22.00,Fixed,,DEFAULT,0.00,,,Glasses,,Liquor,No,No
WQ73WK3041F82,Pitcher Lagunitas Rotating Hazy IPA,,26.00,Fixed,,DEFAULT,0.00,,,Glasses,,Liquor,No,No
KWA93C6BM9RXJ,Pitcher Modelo Especial,,22.00,Fixed,,DEFAULT,0.00,,,Glasses,,Liquor,No,No
D02QRAPY85MY2,Pitcher Sierra Nevada,,26.00,Fixed,,DEFAULT,0.00,,,Glasses,,Liquor,No,No
B6BYV2KHCJCY2,Pitcher Sierra Nevada Seasonal,,30.00,Fixed,,DEFAULT,0.00,,,Glasses,,Liquor,No,No
1Q1VDWG656RVT,Pitcher Stella,,22.00,Fixed,,DEFAULT,0.00,,,Glasses,,Liquor,No,No
W2E2N1AQNJK3G,Bailey’s Coffee,,9.00,Fixed,,DEFAULT,0.00,,,,,Liquor,No,No
ATPFZ17VM10ZY,Hot Apple Pie,,9.00,Fixed,,DEFAULT,0.00,,,,,Liquor,No,No
855W4WPF4XFVT,Hot Toddy,,9.00,Fixed,,DEFAULT,0.00,,,,,Liquor,No,No
DC87DR6CK1Q2P,Irish Coffee,,9.00,Fixed,,DEFAULT,0.00,,,,,Liquor,No,No
JJR1R8B4BJEN0,Kahula Coffee,,9.00,Fixed,,DEFAULT,0.00,,,,,Liquor,No,No
1907ZEFVY11N2,Mexican Coffee,,9.00,Fixed,,DEFAULT,0.00,,,,,Liquor,No,No
1P851SSRAVCE6,Snuggler,,9.00,Fixed,,DEFAULT,0.00,,,,,Liquor,No,No
M8DDWFATYQPGC,Baileys,,8.50,Fixed,,DEFAULT,0.00,,,Cordials DBL,,Liquor,No,No
,,,,,,,,,,Random Mixes Mods,,,,
,,,,,,,,,,Liquor Mods,,,,
,,,,,,,,,,Drink Mix,,,,
PM42VEWMNTFBC,Chambord,,8.00,Fixed,,DEFAULT,0.00,,,Cordials DBL,,Liquor,No,No
,,,,,,,,,,Random Mixes Mods,,,,
,,,,,,,,,,Liquor Mods,,,,
,,,,,,,,,,Drink Mix,,,,
TQNC25YQ85P6T,Campari,,8.00,Fixed,,DEFAULT,0.00,,,Cordials DBL,,Liquor,No,No
,,,,,,,,,,Random Mixes Mods,,,,
,,,,,,,,,,Liquor Mods,,,,
,,,,,,,,,,Drink Mix,,,,
Q1JVH6Y39CD8W,Di Saronno,,8.00,Fixed,,DEFAULT,0.00,,,Cordials DBL,,Liquor,No,No
,,,,,,,,,,Random Mixes Mods,,,,
,,,,,,,,,,Liquor Mods,,,,
,,,,,,,,,,Drink Mix,,,,
JZVY9ACGAXVYW,Drambuie,,7.50,Fixed,,DEFAULT,0.00,,,Random Mixes Mods,,Liquor,No,No
,,,,,,,,,,Liquor Mods,,,,
,,,,,,,,,,Drink Mix,,,,
J2629T5623XY4,Fernet,,9.00,Fixed,,DEFAULT,0.00,,,Cordials DBL,,Liquor,No,No
,,,,,,,,,,Random Mixes Mods,,,,
,,,,,,,,,,Liquor Mods,,,,
,,,,,,,,,,Drink Mix,,,,
7DCEYN1V5KSRT,Frangelico,,7.00,Fixed,,DEFAULT,0.00,,,Cordials DBL,,Liquor,No,No
,,,,,,,,,,Random Mixes Mods,,,,
,,,,,,,,,,Liquor Mods,,,,
,,,,,,,,,,Drink Mix,,,,
MRHSTMXVF0S44,Goldschlager,,7.00,Fixed,,DEFAULT,0.00,,,Random Mixes Mods,,Liquor,No,No
,,,,,,,,,,Liquor Mods,,,,
,,,,,,,,,,Drink Mix,,,,
WG0TF1WF2ZSKJ,Grand Marnier,,9.00,Fixed,,DEFAULT,0.00,,,Cordials DBL,,Liquor,No,No
,,,,,,,,,,Random Mixes Mods,,,,
,,,,,,,,,,Liquor Mods,,,,
,,,,,,,,,,Drink Mix,,,,
KS8MY9RQVRHJP,Jager,,7.50,Fixed,,DEFAULT,0.00,,,Cordials DBL,,Liquor,No,No
,,,,,,,,,,Random Mixes Mods,,,,
,,,,,,,,,,Liquor Mods,,,,
,,,,,,,,,,Drink Mix,,,,
PV8VK52DX58FR,Kahlua ,,7.00,Fixed,,DEFAULT,0.00,,,Cordials DBL,,Liquor,No,No
,,,,,,,,,,Random Mixes Mods,,,,
,,,,,,,,,,Liquor Mods,,,,
,,,,,,,,,,Drink Mix,,,,
4R8MMKSYPAYDP,Midori ,,7.00,Fixed,,DEFAULT,0.00,,,Cordials DBL,,Liquor,No,No
,,,,,,,,,,Random Mixes Mods,,,,
,,,,,,,,,,Liquor Mods,,,,
,,,,,,,,,,Drink Mix,,,,
AN32BBJPH785M,Rumpleminz ,,7.00,Fixed,,DEFAULT,0.00,,,Random Mixes Mods,,Liquor,No,No
,,,,,,,,,,Liquor Mods,,,,
GNGRG8DYZ6FA2,Sambuca ,,7.00,Fixed,,DEFAULT,0.00,,,Liquor Mods,,Liquor,No,No
,,,,,,,,,,Drink Mix,,,,
7VZT3FFEJWHP2,Arnold Palmer,,3.19,Fixed,,Pleasant Hill Tax Rate,0.00,,,,,Liquor,No,No
7CJ3FY40VCYT2,Chocolate Milk,,3.19,Fixed,,Pleasant Hill Tax Rate,0.00,,,,,Liquor,No,No
PC738DW5GBHWJ,Coffee,,3.19,Fixed,,Pleasant Hill Tax Rate,0.00,,,,,Liquor,No,No
8XJ6R9GWBGGH8,Coke,,3.19,Fixed,,Pleasant Hill Tax Rate,0.00,,,,,Liquor,No,No
AC6V2MR4T2QMW,Cranberry Juice,,3.19,Fixed,,Pleasant Hill Tax Rate,0.00,,,,,Liquor,No,No
768K6KTJWTW3Y,Decaf Coffee,,3.19,Fixed,,Pleasant Hill Tax Rate,0.00,,,,,Liquor,No,No
0XC96M7VB02VW,Diet Coke,,3.19,Fixed,,Pleasant Hill Tax Rate,0.00,,,,,Liquor,No,No
BQNSJ4FYNFZR8,Dr. Pepper,,3.19,Fixed,,Pleasant Hill Tax Rate,0.00,,,,,Liquor,No,No
ZCZYE1F9EBJNW,Ginger Ale,,3.19,Fixed,,Pleasant Hill Tax Rate,0.00,,,,,Liquor,No,No
232XT2HCXT7M6,Ginger Beer,,3.25,Fixed,,Pleasant Hill Tax Rate,0.00,,,,,Liquor,No,No
Z5X1DXESSDDN0,Grapefruit Juice,,3.19,Fixed,,Pleasant Hill Tax Rate,0.00,,,,,Liquor,No,No
A7QQ9VDTY21YA,Hot Chocolate,,3.19,Fixed,,Pleasant Hill Tax Rate,0.00,,,,,Liquor,No,No
G145CT1SMSBN6,Hot Tea,,3.19,Fixed,,Pleasant Hill Tax Rate,0.00,,,,,Liquor,No,No
6KK5DQMMHCDG4,Ice Tea,,3.19,Fixed,,Pleasant Hill Tax Rate,0.00,,,,,Liquor,No,No
TAD1E84TRHRNE,Lemonade,,3.19,Fixed,,Pleasant Hill Tax Rate,0.00,,,,,Liquor,No,No
MRAB6PQJ9Y5YT,Strawberry Lemonade,,3.25,Fixed,,Pleasant Hill Tax Rate,0.00,,,,,Liquor,No,No
GDGS6K9BRAZ1J,Milk,,3.19,Fixed,,Pleasant Hill Tax Rate,0.00,,,,,Liquor,No,No
Z8EBQVY8Z1VCG,Orange Juice,,3.19,Fixed,,Pleasant Hill Tax Rate,0.00,,,,,Liquor,No,No
ZFENXPMCRSQ62,Red Bull,,3.25,Fixed,,Pleasant Hill Tax Rate,0.00,,,Red Bull Mods,,Liquor,No,No
9NYYHS4HGZKY2,Pineapple Juice,,3.19,Fixed,,Pleasant Hill Tax Rate,0.00,,,,,Liquor,No,No
9V5CMWNXC429G,Root Beer,,3.19,Fixed,,Pleasant Hill Tax Rate,0.00,,,,,Liquor,No,No
CJRZ456FAWMJG,Roy Rogers,,3.19,Fixed,,Pleasant Hill Tax Rate,0.00,,,,,Liquor,No,No
KK1M3N1H3SJ06,Shirley Temple,,3.19,Fixed,,Pleasant Hill Tax Rate,0.00,,,,,Liquor,No,No
7FW3XXK1116R8,Soda Water,,0.00,Fixed,,DEFAULT,0.00,,,,,Liquor,No,No
47JRC1DX0C73J,Sprite,,3.19,Fixed,,Pleasant Hill Tax Rate,0.00,,,,,Liquor,No,No
GQYA78WV20VF6,Tomato Juice,,3.19,Fixed,,Pleasant Hill Tax Rate,0.00,,,,,Liquor,No,No
N8MXKX4H6C9CY,Tonic Water,,3.19,Fixed,,Pleasant Hill Tax Rate,0.00,,,,,Liquor,No,No
X8PG8J9PC41JC,Adios MF,,12.00,Fixed,,DEFAULT,0.00,,,,,Liquor,No,No
7Q5GV03PFDRY8,Appletini,,9.00,Fixed,,DEFAULT,0.00,,,,,Liquor,No,No
0RPKMR87D6QV2,Beautiful,,18.00,Fixed,,DEFAULT,0.00,,,,,Liquor,No,No
V6SQEPATD9TV8,Bitch Fight,,10.00,Fixed,,DEFAULT,0.00,,,,,Liquor,No,No
Y8JMW5B5RTHJW,Black Spiderman,,12.00,Fixed,,DEFAULT,0.00,,,,,Liquor,No,No
NYXB3BN1DHRKA,Blue Hawaii,,8.00,Fixed,,DEFAULT,0.00,,,,,Liquor,No,No
RRNSP02CR005A,Caribou Lou,,7.50,Fixed,,DEFAULT,0.00,,,,,Liquor,No,No
FS7RWYMMK8GP8,Colorado Bulldog,,7.25,Fixed,,DEFAULT,0.00,,,,,Liquor,No,No
ZWGKG97VA5X7A,Creamsicle,,8.50,Fixed,,DEFAULT,0.00,,,,,Liquor,No,No
KQPEJA1DFKHPE,Electric Watermelon,,7.00,Fixed,,DEFAULT,0.00,,,,,Liquor,No,No
A0NEWD9CNV92E,En La Playa,,11.00,Fixed,,DEFAULT,0.00,,,,,Liquor,No,No
1W9PY6DMX7B0E,Fuzzy Navel,,7.00,Fixed,,DEFAULT,0.00,,,,,Liquor,No,No
VER8D202JV8RT,Hawaiian Rain Drop,,9.00,Fixed,,DEFAULT,0.00,,,,,Liquor,No,No
3PAVEACPNFT20,Irish Trash Can,,14.00,Fixed,,DEFAULT,0.00,,,,,Liquor,No,No
53RKPP9R67JQG,Lina Snack,,9.50,Fixed,,DEFAULT,0.00,,,,,Liquor,No,No
ZGT0MFRVRN9Z6,Long Beach Tea,,12.00,Fixed,,DEFAULT,0.00,,,,,Liquor,No,No
MBWPQ6K3KSSKY,Mai Tai,,10.00,Fixed,,DEFAULT,0.00,,,,,Liquor,No,No
7F1G8PZ7RGNQP,Melon Ball,,8.00,Fixed,,DEFAULT,0.00,,,,,Liquor,No,No
C9PHEQKGERTQ4,Melon Margarita,,7.50,Fixed,,DEFAULT,0.00,,,,,Liquor,No,No
MF1XSE7ZHJCEY,Midori Sour,,7.00,Fixed,,DEFAULT,0.00,,,,,Liquor,No,No
RSV7FNHP4PG4A,Paloma,,10.00,Fixed,,DEFAULT,0.00,,,,,Liquor,No,No
9TYQ85ZVN38WJ,Pink Flamingo,,9.00,Fixed,,DEFAULT,0.00,,,,,Liquor,No,No
KTW8T9RPZG5WW,Rum Runner,,10.00,Fixed,,DEFAULT,0.00,,,,,Liquor,No,No
71XEK7GKR13K6,Rusty Nail,,9.00,Fixed,,DEFAULT,0.00,,,,,Liquor,No,No
RP5086ZEVME3M,Seperator,,8.50,Fixed,,DEFAULT,0.00,,,,,Liquor,No,No
DMXMKP1HST9WA,Sex on the Beach,,8.50,Fixed,,DEFAULT,0.00,,,,,Liquor,No,No
8R33Q953ZGEBC,Sex with Alligator,,8.50,Fixed,,DEFAULT,0.00,,,,,Liquor,No,No
1BA8TYJJ2743T,Stiletto,,12.50,Fixed,,DEFAULT,0.00,,,,,Liquor,No,No
6S7FT018P3Y5M,Strawberry Moscow Mule,,10.00,Fixed,,DEFAULT,0.00,,,,,Liquor,No,No
N05SV1RW5F41G,Tokyo Tea,,12.00,Fixed,,DEFAULT,0.00,,,,,Liquor,No,No
FDTVDQ30XP5BT,Tweakin Puertorican,,7.75,Fixed,,DEFAULT,0.00,,,,,Liquor,No,No
H36TM3FT5FSF2,Mystery Shot!,,5.00,Fixed,,DEFAULT,0.00,,,,,Liquor,No,No
ZDBAVVX9TTX9R,3 Wisemen,,8.75,Fixed,,DEFAULT,0.00,,,,,Liquor,No,No
YKCN6Y0TYQS54,Alabama Slammer,,7.25,Fixed,,DEFAULT,0.00,,,,,Liquor,No,No
S63E5MCXBT1XC,Astro Pop,,7.25,Fixed,,DEFAULT,0.00,,,,,Liquor,No,No
X28QV6YZM045R,B52,,7.25,Fixed,,DEFAULT,0.00,,,,,Liquor,No,No
70NQKVZ03348E,Baby Guinness,,6.75,Fixed,,DEFAULT,0.00,,,,,Liquor,No,No
QHB0J43H6HDY4,Blow Job,,7.00,Fixed,,DEFAULT,0.00,,,,,Liquor,No,No
PYEMEC5FJAYV6,Brain Hemmorage,,7.25,Fixed,,DEFAULT,0.00,,,,,Liquor,No,No
WRMT7QSGTK5GA,Breakfast Shot,,9.00,Fixed,,DEFAULT,0.00,,,,,Liquor,No,No
D1HZ8AVGKGK4T,Car Bomb,,9.00,Fixed,,DEFAULT,0.00,,,,,Liquor,No,No
H19H369RGJE86,Cherry Bomb,,8.00,Fixed,,DEFAULT,0.00,,,,,Liquor,No,No
KHM0BN24QH5PE,Chocolate Cake,,8.00,Fixed,,DEFAULT,0.00,,,,,Liquor,No,No
TREP12SEKWNPY,Gatorade Shot,,8.00,Fixed,,DEFAULT,0.00,,,,,Liquor,No,No
4Z8RY1SA5GSH0,Gingerbread Cookie,,8.00,Fixed,,DEFAULT,0.00,,,,,Liquor,No,No
97M9V2BV68XDC,Gummy Bear,,8.00,Fixed,,DEFAULT,0.00,,,,,Liquor,No,No
TFAZBT13K6B3P,Jager Bomb,,8.50,Fixed,,DEFAULT,0.00,,,,,Liquor,No,No
2P7NGQ5M509GP,Jolly Rancher,,7.50,Fixed,,DEFAULT,0.00,,,,,Liquor,No,No
S47MR6BK63ZBP,Key Lime Pie,,8.50,Fixed,,DEFAULT,0.00,,,,,Liquor,No,No
ZDKH0KR5BXM0E,Liquid Cocaine,,8.00,Fixed,,DEFAULT,0.00,,,,,Liquor,No,No
Z71DPD9MA44GT,Mind Eraser,,7.50,Fixed,,DEFAULT,0.00,,,,,Liquor,No,No
W8RSFF6Z91B5C,Mocha Shot,,8.75,Fixed,,DEFAULT,0.00,,,,,Liquor,No,No
F65EGBW59HD52,Mudslide,,8.25,Fixed,,DEFAULT,0.00,,,,,Liquor,No,No
GJEETJ73FDCC4,Oatmeal Cookie,,8.00,Fixed,,DEFAULT,0.00,,,,,Liquor,No,No
WSRG515EK7GJW,Panty Licker,,6.75,Fixed,,DEFAULT,0.00,,,,,Liquor,No,No
B3YX1D8BWBM9G,Purple Hooter,,8.00,Fixed,,DEFAULT,0.00,,,,,Liquor,No,No
WF6KTZRSY88WP,Red Headed Slut,,6.75,Fixed,,DEFAULT,0.00,,,,,Liquor,No,No
6FXRP3YDZ3KKG,Scooby Snack,,8.50,Fixed,,DEFAULT,0.00,,,,,Liquor,No,No
DKNKWESTSSYNA,Shoot the Root,,8.00,Fixed,,DEFAULT,0.00,,,,,Liquor,No,No
WVFH7D3V0BEHM,Slippery Nipple,,8.00,Fixed,,DEFAULT,0.00,,,,,Liquor,No,No
Z51SWPVZJMMTJ,Starburst,,8.00,Fixed,,DEFAULT,0.00,,,,,Liquor,No,No
25A5EME5P2Q0J,Stoplight,,12.50,Fixed,,DEFAULT,0.00,,,,,Liquor,No,No
XYEHA4A30MHV6,Sunkiss,,9.00,Fixed,,DEFAULT,0.00,,,,,Liquor,No,No
SC5FZ7XSXFW0E,Surfer on Acid,,7.25,Fixed,,DEFAULT,0.00,,,,,Liquor,No,No
AJ35FVW3QXYFT,Upside Down Cake,,7.00,Fixed,,DEFAULT,0.00,,,,,Liquor,No,No
F9F6T1P7TYHV6,Vegas Bomb,,10.00,Fixed,,DEFAULT,0.00,,,Red Bull Mods,,Liquor,No,No
NZTER2B4527YE,Washington Apple,,9.50,Fixed,,DEFAULT,0.00,,,,,Liquor,No,No
3B66CXPYCWFFM,Brownie A La Mode,,5.99,Fixed,,Pleasant Hill Tax Rate,0.00,,,Dessert Mods,,Food,No,No
,,,,,,,,,,TOGO / OTHER Mods,,,,
50RAMDC7G3N4A,Cheesecake,,5.99,Fixed,,Pleasant Hill Tax Rate,0.00,,,Dessert Mods,,Food,No,No
,,,,,,,,,,TOGO / OTHER Mods,,,,
JK1RDKSGW6VQJ,Ice Cream,,2.00,Fixed,,Pleasant Hill Tax Rate,0.00,,,Dessert Mods,,Food,No,No
,,,,,,,,,,TOGO / OTHER Mods,,,,
N6DQW9WFSXB0W,Side Bacon,,5.99,Fixed,,Pleasant Hill Tax Rate,0.00,,,TOGO / OTHER Mods,,Food,No,No
3ZAC7JS4998GY,Side Sausage,,5.99,Fixed,,Pleasant Hill Tax Rate,0.00,,,TOGO / OTHER Mods,,Food,No,No
9GPGKE60DYCF8,Ham Steak,,5.99,Fixed,,Pleasant Hill Tax Rate,0.00,,,TOGO / OTHER Mods,,Food,No,No
RNT5WWS9R5AWM,Single Egg,,2.50,Fixed,,Pleasant Hill Tax Rate,0.00,,,Additions,,Food,No,No
,,,,,,,,,,TOGO / OTHER Mods,,,,
,,,,,,,,,,Eggs,,,,
YF44NZGD8PMTJ,Hash Browns,,3.50,Fixed,,Pleasant Hill Tax Rate,0.00,,,Additions,,Food,No,No
,,,,,,,,,,TOGO / OTHER Mods,,,,
C7G1743PGEB4J,Country Potatoes (Brunch Only),,3.50,Fixed,,Pleasant Hill Tax Rate,0.00,,,,,Food,No,No
XH7KPZ4TFSYZ8,Biscuits and Gravy (Brunch Only),,5.99,Fixed,,Pleasant Hill Tax Rate,0.00,,,,,Food,No,No
0NNBZV070J1EP,Waffles (Brunch Only),,2.99,Fixed,,Pleasant Hill Tax Rate,0.00,,,,,Food,No,No
DW8CGJZEHAKKG,Toast,,2.50,Fixed,,Pleasant Hill Tax Rate,0.00,,,TOGO / OTHER Mods,,Food,No,No
,,,,,,,,,,Bread,,,,
1CR744NNP63TM,1000 Island Dressing,,0.00,Fixed,,Pleasant Hill Tax Rate,0.00,,,,,Food,No,No
73PWKGWDTAPQT,Avocado,,2.00,Fixed,,Pleasant Hill Tax Rate,0.00,,,,,Food,No,No
A90P741R03NS0,BBQ Sauce,,0.00,Fixed,,Pleasant Hill Tax Rate,0.00,,,,,Food,No,No
VRKEYKS012N92,Bake Potato,,3.99,Fixed,,Pleasant Hill Tax Rate,0.00,,,,,Food,No,No
J2XTKNDYJ5B8M,Blue Cheese Crumbles,,2.00,Fixed,,Pleasant Hill Tax Rate,0.00,,,,,Food,No,No
26CZ3E90BZS8C,Blue Cheese Dressing,,0.00,Fixed,,Pleasant Hill Tax Rate,0.00,,,,,Food,No,No
M7NAAYZYEEAYT,Buffalo Sauce,,0.00,Fixed,,Pleasant Hill Tax Rate,0.00,,,,,Food,No,No
YXGYM40DDQ5R0,Caesar Dressing,,0.00,Fixed,,Pleasant Hill Tax Rate,0.00,,,,,Food,No,No
7E27RJW06W92W,Cheese Slice,,1.00,Fixed,,Pleasant Hill Tax Rate,0.00,,,Cheese,,Food,No,No
0H761W5BNAPXW,Chicken,,4.99,Fixed,,Pleasant Hill Tax Rate,0.00,,,TOGO / OTHER Mods,,Food,No,No
NYG9E4FS7PZ0P,Chips,,2.50,Fixed,,Pleasant Hill Tax Rate,0.00,,,,,Food,No,No
FKAGSTYE7YPVP,Chips & Guacamole,,4.99,Fixed,,Pleasant Hill Tax Rate,0.00,,,TOGO / OTHER Mods,,Food,No,No
4QH43T75CW54M,Chips & Salsa,,3.99,Fixed,,Pleasant Hill Tax Rate,0.00,,,TOGO / OTHER Mods,,Food,No,No
KTSHM2DQ3T8NY,Cocktail Sauce,,0.00,Fixed,,Pleasant Hill Tax Rate,0.00,,,,,Food,No,No
TH6ZZCA6RHP5Y,Coleslaw,,3.00,Fixed,,Pleasant Hill Tax Rate,0.00,,,,,Food,No,No
B62GHQJ5NWBCM,Corn Tortillas,,2.00,Fixed,,Pleasant Hill Tax Rate,0.00,,,,,Food,No,No
KP9VGPEKXDFS4,Flour Tortillas,,2.00,Fixed,,Pleasant Hill Tax Rate,0.00,,,,,Food,No,No
XWFSNVQGHESDM,Fruit,,3.50,Fixed,,Pleasant Hill Tax Rate,0.00,,,TOGO / OTHER Mods,,Food,No,No
63C0T7XQCGSTG,Garlic Bread,,2.99,Fixed,,Pleasant Hill Tax Rate,0.00,,,TOGO / OTHER Mods,,Food,No,No
0F4SMNYC4YQZY,Grill Onion,,1.50,Fixed,,Pleasant Hill Tax Rate,0.00,,,,,Food,No,No
4JF0T2QFTZG48,Hamburger Patty,,3.99,Fixed,,Pleasant Hill Tax Rate,0.00,,,Temperature,,Food,No,No
,,,,,,,,,,TOGO / OTHER Mods,,,,
9JAF2F82AM98A,Honey Mustard Dressing,,0.00,Fixed,,Pleasant Hill Tax Rate,0.00,,,,,Food,No,No
CQXHWV7GB0SWM,Jalapeños,,1.00,Fixed,,Pleasant Hill Tax Rate,0.00,,,,,Food,No,No
Y1W6E8MEEJZQT,Mash Potatoes,,2.00,Fixed,,Pleasant Hill Tax Rate,0.00,,,TOGO / OTHER Mods,,Food,No,No
3ADXK1VAQ77V8,Mix Cheese,,1.00,Fixed,,Pleasant Hill Tax Rate,0.00,,,,,Food,No,No
6PQ77CXAW0FC8,Pasta Salad,,3.99,Fixed,,Pleasant Hill Tax Rate,0.00,,,TOGO / OTHER Mods,,Food,No,No
W39143SZF9AE4,Pickles,,1.00,Fixed,,Pleasant Hill Tax Rate,0.00,,,,,Food,No,No
FM3M5AMHHBK90,Ranch Dressing,,0.00,Fixed,,Pleasant Hill Tax Rate,0.00,,,,,Food,No,No
4TM7CEVXRE95Y,Rice,,3.50,Fixed,,Pleasant Hill Tax Rate,0.00,,,,,Food,No,No
76MBK6G93QZBP,Rolls,,1.50,Fixed,,Pleasant Hill Tax Rate,0.00,,,,,Food,No,No
N7DBKVJT6DWZ8,Salmon,,9.99,Fixed,,Pleasant Hill Tax Rate,0.00,,,,,Food,No,No
9BK0PJX96JVK4,Salsa,,0.00,Fixed,,Pleasant Hill Tax Rate,0.00,,,,,Food,No,No
QCS1AFSYKT03E,Sautéed Mushrooms,,2.00,Fixed,,Pleasant Hill Tax Rate,0.00,,,,,Food,No,No
58TCX3GVWMQ6C,Side Caesar Salad,,4.25,Fixed,,Pleasant Hill Tax Rate,0.00,,,Additions,,Food,No,No
,,,,,,,,,,Salad Mods,,,,
6E03GFR7TZQET,Side House Salad,,4.25,Fixed,,Pleasant Hill Tax Rate,0.00,,,Dressing,,Food,No,No
,,,,,,,,,,Additions,,,,
,,,,,,,,,,Salad Mods,,,,
P0AF870TQ4DG6,Side Shrimp Skewer,,9.99,Fixed,,Pleasant Hill Tax Rate,0.00,,,,,Food,No,No
072KP1Z3ZFPJC,Sour Cream,,0.00,Fixed,,Pleasant Hill Tax Rate,0.00,,,,,Food,No,No
KNJYD3AJ9X8HM,Tartar Sauce,,0.00,Fixed,,Pleasant Hill Tax Rate,0.00,,,,,Food,No,No
9MR6VFWM22S7W,Teriyaki Sauce,,0.00,Fixed,,Pleasant Hill Tax Rate,0.00,,,,,Food,No,No
BPE535RC37RGP,Tri-Tip,,10.99,Fixed,,Pleasant Hill Tax Rate,0.00,,,Temperature,,Food,No,No
KTEPY0V6W8FQW,Veggies,,3.00,Fixed,,Pleasant Hill Tax Rate,0.00,,,,,Food,No,No
5VSNPB19NR4B8,Magoos 1/4 Burger,,7.99,Fixed,,Pleasant Hill Tax Rate,0.00,,,Sandwich/Burger Mods,,Food,No,No
,,,,,,,,,,Additions,,,,
,,,,,,,,,,Temperature,,,,
,,,,,,,,,,Sides Mods,,,,
,,,,,,,,,,Sides,,,,
,,,,,,,,,,Add Cheese Mod,,,,
5CK1WXHH254WA,Sliders,,9.99,Fixed,,Pleasant Hill Tax Rate,0.00,,,Additions,,Food,No,No
,,,,,,,,,,TOGO / OTHER Mods,,,,
,,,,,,,,,,Sides,,,,
4Q552HNSA68SW,Monterey Chicken Dinner,,13.99,Fixed,,Pleasant Hill Tax Rate,0.00,,,Additions,,Food,No,No
,,,,,,,,,,TOGO / OTHER Mods,,,,
KJ07WC6QMACSA,Special 1,,7.99,Fixed,,Pleasant Hill Tax Rate,0.00,,,Additions,,Food,No,No
,,,,,,,,,,Temperature,,,,
,,,,,,,,,,TOGO / OTHER Mods,,,,
,,,,,,,,,,Sides,,,,
FQVY5HM8DNSK0,Special 2,,8.99,Fixed,,Pleasant Hill Tax Rate,0.00,,,Additions,,Food,No,No
,,,,,,,,,,Temperature,,,,
,,,,,,,,,,TOGO / OTHER Mods,,,,
,,,,,,,,,,Sides,,,,
126HCZVSYR3ZP,Special 3,,9.99,Fixed,,Pleasant Hill Tax Rate,0.00,,,Additions,,Food,No,No
,,,,,,,,,,Temperature,,,,
,,,,,,,,,,TOGO / OTHER Mods,,,,
,,,,,,,,,,Sides,,,,
G7F58CCHPHJ9A,Special 4,,10.99,Fixed,,Pleasant Hill Tax Rate,0.00,,,Additions,,Food,No,No
,,,,,,,,,,Temperature,,,,
,,,,,,,,,,TOGO / OTHER Mods,,,,
,,,,,,,,,,Sides,,,,
0GA9JDRESPG1C,Special 5,,11.99,Fixed,,Pleasant Hill Tax Rate,0.00,,,Additions,,Food,No,No
,,,,,,,,,,Temperature,,,,
,,,,,,,,,,TOGO / OTHER Mods,,,,
,,,,,,,,,,Sides,,,,
5VS84SA5CEWMA,Special 6,,12.99,Fixed,,Pleasant Hill Tax Rate,0.00,,,Additions,,Food,No,No
,,,,,,,,,,Temperature,,,,
,,,,,,,,,,TOGO / OTHER Mods,,,,
,,,,,,,,,,Sides,,,,
SAPN2PT49MK4A,Special 7,,13.99,Fixed,,Pleasant Hill Tax Rate,0.00,,,Additions,,Food,No,No
,,,,,,,,,,Temperature,,,,
,,,,,,,,,,TOGO / OTHER Mods,,,,
,,,,,,,,,,Sides,,,,
QW7C3BFXDQNWR,Long Island,,12.00,Fixed,,DEFAULT,0.00,,,,,Liquor,No,No
1G57W93VW0G4A,Wild Turkey 101,,9.00,Fixed,,DEFAULT,0.00,,,Random Mixes Mods,,Liquor,No,No
,,,,,,,,,,Whiskey DBL,,,,
,,,,,,,,,,Whiskey Mods,,,,
,,,,,,,,,,Liquor Mods,,,,
PAKNP6BB44522,Tater Tots (Plain),,6.99,Fixed,,DEFAULT,0.00,,,Dressing,,Food,No,No
,,,,,,,,,,Additions,,,,
,,,,,,,,,,TOGO / OTHER Mods,,,,
,,,,,,,,,,App Mods,,,,
,,,,,,,,,,Add Cheese Mod,,,,
F2JV32EDQKJR6,Grilled Cheese Sandwhich,,8.99,Fixed,,DEFAULT,0.00,,,Additions,,Food,No,No
,,,,,,,,,,Sides Mods,,,,
,,,,,,,,,,TOGO / OTHER Mods,,,,
,,,,,,,,,,Cheese,,,,
,,,,,,,,,,App Mods,,,,
,,,,,,,,,,Sides,,,,
,,,,,,,,,,Add Cheese Mod,,,,
N3VR35W69Z9FP,Jack Daniel's Rye,,8.50,Fixed,,DEFAULT,0.00,,,Whiskey DBL,,Liquor,No,No
,,,,,,,,,,Whiskey Mods,,,,
5Z4BERK400EMT,High West American Praire,,11.00,Fixed,,DEFAULT,0.00,,,Whiskey DBL,,Liquor,No,No
,,,,,,,,,,Whiskey Mods,,,,
GP03XSYDMECD6,High West Double Rye,,11.00,Fixed,,DEFAULT,0.00,,,Whiskey DBL,,Liquor,No,No
,,,,,,,,,,Whiskey Mods,,,,
54EN0R6Z1ZVYW,Captain Morgan orange vanilla,,5.00,Fixed,,DEFAULT,0.00,,,Liquor Mods,,Liquor,No,No
,,,,,,,,,,Rum DBL,,,,
BM5CB7C1EVKKP,Sweet Potato Fries,,6.99,Fixed,,DEFAULT,0.00,,,,,Food,No,No
FK1A59TN82FNM,Loaded Bloody Mary Upcharge,,2.00,Fixed,,DEFAULT,0.00,,,,,Liquor|Food,No,No
8FZYCZCPMS6QP,Hollandaise Sauce,,1.00,Fixed,,DEFAULT,0.00,,,,,Food,No,No
9SJ7S3Q6HV5B6,Cheeseburger,,9.99,Fixed,,DEFAULT,0.00,,,Dressing,,Food,No,No
,,,,,,,,,,Sandwich/Burger Mods,,,,
,,,,,,,,,,Temperature,,,,
,,,,,,,,,,Sides Mods,,,,
,,,,,,,,,,Sauce,,,,
,,,,,,,,,,TOGO / OTHER Mods,,,,
,,,,,,,,,,Cheese,,,,
,,,,,,,,,,Substitutions ,,,,
,,,,,,,,,,Sides,,,,
,,,,,,,,,,Add Cheese Mod,,,,
,,,,,,,,,,Bread,,,,
GW71S2FBJWKG6,Noletts,,13.00,Fixed,,DEFAULT,0.00,,,Vodka Mods,,,No,No
,,,,,,,,,,Liquor Mods,,,,
,,,,,,,,,,Gin DBL,,,,
5X7F6Q2JVWEG6,Tin Cup,,10.00,Fixed,,DEFAULT,0.00,,,Whiskey DBL,,Liquor,No,No
,,,,,,,,,,Whiskey Mods,,,,
1TXZBSZRX1BH2,Racer 5,,8.00,Fixed,,DEFAULT,0.00,,,Beer Mods,,Liquor,No,No
10DT60K94935R,Pitcher Racer 5,,32.00,Fixed,,DEFAULT,0.00,,,Beer Mods,,Liquor,No,No
6VYN5F8NT944P,Espadin Mezcal,,9.00,Fixed,,DEFAULT,0.00,,,Tequila DBL,,Liquor,No,No
,,,,,,,,,,Tequila Mods,,,,
WV1FX14V6RTHW,Pitcher Of Soda (Any),,10.00,Fixed,,DEFAULT,0.00,,,,,Liquor,No,No
9K6PY2BRCV0GE,Truly,,5.00,Fixed,,DEFAULT,0.00,,,,,Liquor,No,No
1KCKC66M1P9Y0,Bucket Of 6 Assorted Truly,,28.00,Fixed,,DEFAULT,0.00,,,,,,No,No
VRF0BMGNWNA3R,Snake Bite,,9.00,Fixed,,DEFAULT,0.00,,,,,Liquor,No,No
GHYRK849H89F0,Sminoff,,7.00,Fixed,,DEFAULT,0.00,,,Vodka DBL,,Liquor,No,No
,,,,,,,,,,Vodka Mods,,,,
,,,,,,,,,,Liquor Mods,,,,
,,,,,,,,,,Red Bull Mods,,,,
,,,,,,,,,,Drink Mix,,,,
3NZBXPEPP2FCP,21 Seeds Grapefruit Hibiscus,,8.00,Fixed,,DEFAULT,0.00,,,Tequila DBL,,Liquor,No,No
,,,,,,,,,,Tequila Mods,,,,
,,,,,,,,,,Liquor Mods,,,,
,,,,,,,,,,Red Bull Mods,,,,
,,,,,,,,,,Drink Mix,,,,
8RFRBR74F8BJE,21 Seeds Cucumber Jalapeño,,8.00,Fixed,,DEFAULT,0.00,,,Tequila DBL,,Liquor,No,No
,,,,,,,,,,Tequila Mods,,,,
,,,,,,,,,,Liquor Mods,,,,
,,,,,,,,,,Red Bull Mods,,,,
,,,,,,,,,,Drink Mix,,,,
NZFSJZ991VK5T,Jack Daniel's Apple,,8.50,Fixed,,DEFAULT,0.00,,,Whiskey Mods,,Liquor,No,No
B2QFGXM4B20Y2,Black And Tan,,10.00,Fixed,,DEFAULT,0.00,,,,,Liquor,No,No
BME0FMR1GYVJ6,Gift card,,,Variable,,,,CLOVER_GIFT_CARD,,,,,No,Yes
491NWVBEDVEC0,Duck Fart,,7.50,Fixed,,DEFAULT,0.00,,,,,Liquor,No,No
QZWP1Y6B3Y6HG,Bulliet,,10.00,Fixed,,DEFAULT,0.00,,,Whiskey DBL,,Liquor,No,No
,,,,,,,,,,Whiskey Mods,,,,
G2Y4Y6E5K12WR,Casamigos Blanco,,9.00,Fixed,,DEFAULT,0.00,,,Tequila DBL,,Liquor,No,No
,,,,,,,,,,Random Mixes Mods,,,,
,,,,,,,,,,Vodka Mods,,,,
,,,,,,,,,,Tequila Mods,,,,
,,,,,,,,,,Red Bull Mods,,,,
9V7PGR5970ZZ6,Loaded Baked Potato,,4.99,Fixed,,DEFAULT,0.00,,,,,Food,No,No
B193S3HF0V9FE,Opera Prima Split,,6.50,Fixed,,DEFAULT,0.00,,,Mimosa Mods,,Liquor,No,No
YNCJCCPBJC2E4,The Real McCoy 3yr,,9.00,Fixed,,DEFAULT,0.00,,,Random Mixes Mods,,Liquor,No,No
,,,,,,,,,,Vodka Mods,,,,
,,,,,,,,,,Red Bull Mods,,,,
,,,,,,,,,,Rum DBL,,,,
P05XGMFVXT3DM,Bucket Of DOMESTIC,,18.00,Fixed,,DEFAULT,0.00,,,,,Liquor,No,No
567NV722AJ728,Spanish Coffee,,12.00,Fixed,,DEFAULT,0.00,,,,,,Yes,No
FPMH64KDDFK22,Empress 1908,,8.00,Fixed,,DEFAULT,0.00,,,Gin DBL,,,No,No
GJG4P9FVPQK4P,Balsamic Dressing,,0.00,Fixed,,,0.00,,,,,Food,No,No
QWPXM6VHRSGEE,Top Shelf Long Island,,15.00,Fixed,,DEFAULT,0.00,,,,,,No,No
PG0H619HE6WHT,Monkey 47 Gin,,10.00,Fixed,,DEFAULT,0.00,,,Random Mixes Mods,,,No,No
,,,,,,,,,,Liquor Mods,,,,
,,,,,,,,,,Red Bull Mods,,,,
,,,,,,,,,,Drink Mix,,,,
,,,,,,,,,,Gin DBL,,,,
0719Q12AVBRJC,Butter Chardonnay,,10.00,Fixed,,DEFAULT,0.00,,,,,,No,No
FDCX45WNF2W1Y,Angel's Envy,,11.00,Fixed,,DEFAULT,0.00,,,Random Mixes Mods,,,No,No
,,,,,,,,,,Whiskey DBL,,,,
,,,,,,,,,,Whiskey Mods,,,,
,,,,,,,,,,Liquor Mods,,,,
,,,,,,,,,,Drink Mix,,,,
NT04C5QRJR2S8,HH Spinach and Artichoke Dip,,7.00,Fixed,,Pleasant Hill Tax Rate,0.00,,,Happy Hour Mods,,,No,No
QC5D72CWVHW8G,HH Chili Cheese Dip,,7.00,Fixed,,Pleasant Hill Tax Rate,0.00,,,Happy Hour Mods,,Food,No,No
HZN2J8RMH5NF6,HH Chili Cheese Fries,,7.00,Fixed,,Pleasant Hill Tax Rate,0.00,,,Happy Hour Mods,,,No,No
05W4WMJ0PP0RJ,HH Cajun Fries,,5.00,Fixed,,Pleasant Hill Tax Rate,0.00,,,Happy Hour Mods,,,No,No
JTHYN3GPB6YJ0,HH Lemon Pepper Fries,,6.00,Fixed,,Pleasant Hill Tax Rate,0.00,,,Happy Hour Mods,,,No,No
E5JD56YM9J3GP,HH Garlic Cheese Fries,,6.00,Fixed,,Pleasant Hill Tax Rate,0.00,,,Happy Hour Mods,,,No,No
6FRWD7HZ2C64R,HH Garlic Fires,,5.00,Fixed,,Pleasant Hill Tax Rate,0.00,,,Happy Hour Mods,,,No,No
E4G3DEG8AENMP,HH Hamburger w/ fries,,7.00,Fixed,,Pleasant Hill Tax Rate,0.00,,,Happy Hour Mods,,,No,No
ECPDEH936SZ4J,HH Grilled Cheese w/ fries,,7.00,Fixed,,Pleasant Hill Tax Rate,0.00,,,Happy Hour Mods,,,No,No
HSSDFC19K9NGP,HH Chicken Tenders w/ Fries,,7.00,Fixed,,Pleasant Hill Tax Rate,0.00,,,Happy Hour Mods,,,No,No
,,,,,,,,,,Sauce,,,,
GR2BTW7489C5A,HH Potato Skins,,6.00,Fixed,,Pleasant Hill Tax Rate,0.00,,,Happy Hour Mods,,,No,No
N4K0KJKD0SZE2,HH Chicken Wings,,6.00,Fixed,,Pleasant Hill Tax Rate,0.00,,,Happy Hour Mods,,,No,No
,,,,,,,,,,Sauce,,,,
P0KPZ2G25W95A,HH Mac and Cheese Bites,,6.00,Fixed,,Pleasant Hill Tax Rate,0.00,,,Happy Hour Mods,,,No,No
BH9P2B3JQP9WP,HH Fried Green Beans,,6.00,Fixed,,Pleasant Hill Tax Rate,0.00,,,Happy Hour Mods,,,No,No
K3XQWTX9XGHH4,HH Jalapeno Bites,,6.00,Fixed,,Pleasant Hill Tax Rate,0.00,,,Happy Hour Mods,,,No,No
9FNNG8SMWH3DC,HH Onion Rings,,6.00,Fixed,,Pleasant Hill Tax Rate,0.00,,,Happy Hour Mods,,,No,No
BR8SW2WZS9CJE,HH BBQ Chicken Quesadilla,,7.00,Fixed,,Pleasant Hill Tax Rate,0.00,,,Happy Hour Mods,,Food,No,No
4P25JZQQ7W03T,HH Nachos,,7.00,Fixed,,Pleasant Hill Tax Rate,0.00,,,Happy Hour Mods,,,No,No
7BSRZZKQ9D86E,HH Caesar Salad,,5.00,Fixed,,Pleasant Hill Tax Rate,0.00,,,Salad Mods,,,No,No
,,,,,,,,,,Happy Hour Mods,,,,
ZV1TZECQ59HGJ,HH Magoo's Salad,,5.00,Fixed,,Pleasant Hill Tax Rate,0.00,,,Salad Mods,,,No,No
,,,,,,,,,,Happy Hour Mods,,,,
KY5AQ6A2PY6CJ,HH Domestic Pitcher,,16.00,Fixed,,DEFAULT,0.00,,,Glasses,,,No,No
HAMHAHMA0A392,HH Premium Pitcher,,20.00,Fixed,,DEFAULT,0.00,,,Glasses,,,No,No
GJY66GG7C6V8R,HH Shot and Domestic,,9.00,Fixed,,DEFAULT,0.00,,,HH Shot and Beer,,,No,No
6JH70RNZAEVVP,Happy Hour Domestic Bucket,,15.00,Fixed,,DEFAULT,0.00,,,HH Domestic Bucket,,,No,No
98ND3YV93H7AE,Calirosa Anejo,,12.00,Fixed,,DEFAULT,0.00,,,Tequila DBL,,Liquor,No,No
,,,,,,,,,,Random Mixes Mods,,,,
,,,,,,,,,,Tequila Mods,,,,
,,,,,,,,,,Drink Mix,,,,
18SE31S6R6N0W,Centenario Anejo,,15.00,Fixed,,DEFAULT,0.00,,,Tequila DBL,,,No,No
,,,,,,,,,,Tequila Mods,,,,
,,,,,,,,,,Drink Mix,,,,
E6SEEJRJQRH4G,Simi Cabernet,,15.00,Fixed,,DEFAULT,0.00,,,,,,No,No
46CE65G39QYSJ,Simi Cabernet,,36.00,Fixed,,DEFAULT,0.00,,,,,,No,No
GKZFCHMDK0P1A,Jim Beam Cans,,4.00,Fixed,,DEFAULT,0.00,,,,,Liquor,No,No
K5Z4AE1NJQR0P,Big Boy,,9.00,Fixed,,DEFAULT,0.00,,,Tequila DBL,,,No,No
,,,,,,,,,,Random Mixes Mods,,,,
,,,,,,,,,,Tequila Mods,,,,
,,,,,,,,,,Red Bull Mods,,,,
,,,,,,,,,,Drink Mix,,,,
282AMY9SH8DVW,Strawberry Mule,,12.00,Fixed,,DEFAULT,0.00,,,,,,No,No
4X5EGTHD3N2DT,Bee's Knee,,14.00,Fixed,,DEFAULT,0.00,,,,,,No,No
G1N12EZ6WBNA2,Paloma,,12.00,Fixed,,DEFAULT,0.00,,,,,,No,No
P16511M2CPCYA,That's My Jam!,,12.00,Fixed,,DEFAULT,0.00,,,,,,No,No
81HY5AE1FECWC,Lillet Spritz,,12.00,Fixed,,DEFAULT,0.00,,,,,,No,No
DQ4K817VFH1KG,Black & Gold,,12.00,Fixed,,DEFAULT,0.00,,,,,,No,No
NW8Q3Y07WHV7P,Roe and Coe Irish,,11.00,Fixed,,DEFAULT,0.00,,,Random Mixes Mods,,,No,No
,,,,,,,,,,Whiskey DBL,,,,
,,,,,,,,,,Whiskey Mods,,,,
,,,,,,,,,,Glasses,,,,
,,,,,,,,,,Red Bull Mods,,,,
,,,,,,,,,,Drink Mix,,,,
X3FPW43DF8MBR,Hazy/Jack,,12.00,Fixed,,DEFAULT,0.00,,,,,Liquor,No,No
97ZYVBVHXPC28,Slane,,9.00,Fixed,,DEFAULT,0.00,,,Whiskey DBL,,,No,No
,,,,,,,,,,Whiskey Mods,,,,
,,,,,,,,,,Glasses,,,,
,,,,,,,,,,Liquor Mods,,,,